Site,Site,1,1,1,1,1,1,1,1,1,1,1,1,1,1,1,1,1,1,1,1,1,1,1,1,1,1,1,2,2,2,2,2,2,2,2,2,2,2,2,2,2,2,2,2,2,2,2,2,2,2,2,2,2,2,2,4,4,4,4,4,4,4,4,4,4,4,4,4,4,4,4,4,4,4,4,4,4,4,4,4,4,4,4,5,5,5,5,5,5,5,5,5,5,6,6,6,6,6,6,6,6,6,6,6,6,6,6,6,6,6,6,6,6,6,6,6,6,6,6,6,6,8,8,8,8,8,8,8,8,8,8,8,8,8,8,8,8,8,8,8,8,8,8,8,8,8,8,8,8,9,9,9,9,9,9,9,9,9,9,9,9,9,9,9,9,9,9,9,9,9,9,9,9,9,9,10,10,10,10,10,10,10,10,10,11,11,11,11,11,11,11,11,11,11,11,11,11,11,11,11,11,11,11,11,11,11,11,11,11,11,12,12,12,12,12,12,12,12,12,12,12,12,12,12,12,12,12,12,12,12,12,12,12,12,12,12,13,13,13,13,13,13,13,13,13,13,13,13,13,13,13,13,13,13,13,13,13,13,13,13,13,13,13,14,14,14,14,14,14,14,15,15,15,15,15,15,15,15,15,15,15,15,15,15,15,15,15,15,15,15,15,15,15,15,15,15,16,16,16,16,16,16,16,16,16,16,16,16,16,16,16,16,16,16,16,16
WY,WY,2001,2001,2002,2003,2003,2004,2004,2005,2005,2006,2006,2007,2007,2008,2008,2009,2009,2010,2010,2011,2011,2012,2012,2013,2014,2014,2015,2001,2001,2002,2002,2003,2003,2004,2004,2005,2005,2006,2006,2007,2007,2008,2008,2009,2009,2010,2010,2011,2011,2012,2012,2013,2014,2014,2015,2001,2001,2002,2002,2003,2003,2004,2004,2005,2005,2006,2006,2007,2007,2008,2008,2009,2009,2010,2010,2011,2011,2012,2012,2013,2014,2014,2015,2009,2010,2010,2011,2011,2012,2012,2013,2014,2014,2001,2001,2002,2002,2003,2003,2004,2004,2005,2005,2006,2006,2007,2007,2008,2008,2009,2009,2010,2010,2011,2011,2012,2012,2012,2013,2014,2014,2001,2001,2002,2002,2003,2003,2004,2004,2005,2005,2006,2006,2007,2007,2008,2008,2009,2009,2009,2009,2010,2010,2011,2011,2012,2013,2014,2014,2001,2001,2002,2002,2003,2003,2004,2004,2005,2005,2006,2006,2007,2007,2008,2008,2009,2009,2010,2010,2011,2011,2012,2013,2014,2014,2001,2001,2002,2002,2003,2003,2004,2004,2005,2001,2002,2002,2003,2003,2004,2004,2005,2005,2006,2006,2007,2007,2008,2008,2009,2009,2010,2010,2011,2011,2012,2013,2014,2014,2015,2001,2002,2002,2003,2003,2004,2004,2005,2005,2006,2006,2007,2007,2008,2008,2009,2009,2010,2010,2011,2011,2012,2012,2013,2014,2014,2001,2002,2002,2003,2003,2004,2004,2005,2005,2006,2006,2007,2007,2008,2008,2009,2009,2010,2010,2011,2011,2012,2012,2013,2014,2014,2015,2012,2012,2012,2013,2014,2014,2015,2002,2002,2003,2003,2004,2004,2005,2005,2006,2006,2007,2007,2008,2008,2009,2009,2010,2010,2011,2011,2012,2012,2013,2014,2014,2015,2005,2005,2006,2006,2007,2007,2008,2008,2009,2009,2010,2010,2011,2011,2012,2012,2013,2014,2014,2015
Month,Month,6,11,6,6,10,6,10,6,10,6,10,6,10,6,10,6,10,6,10,6,10,6,10,10,6,10,10,6,11,6,10,6,10,6,10,6,10,6,10,6,10,6,10,6,10,6,10,6,10,6,10,10,6,10,10,6,11,6,10,6,10,6,10,6,10,6,10,6,10,6,10,6,10,6,10,6,10,6,10,10,6,10,10,6,6,10,6,10,6,10,10,6,10,6,11,6,10,6,10,6,10,6,10,6,10,6,10,6,10,6,10,6,10,6,10,6,10,11,10,6,10,6,11,6,10,6,10,6,10,6,10,6,10,6,10,6,10,6,10,11,12,6,10,6,10,6,10,6,10,6,11,6,10,6,10,6,10,6,10,6,10,6,10,6,10,6,10,6,10,6,10,6,10,6,10,6,11,6,10,6,10,6,10,10,6,6,10,6,10,6,10,6,10,6,10,6,10,6,10,6,10,6,10,6,10,6,10,6,10,10,6,6,10,6,10,6,10,6,10,6,10,6,10,6,10,6,10,6,10,6,10,6,10,10,6,10,6,6,10,6,10,6,10,6,10,6,10,6,10,6,10,6,10,6,10,6,10,6,10,10,6,10,10,6,10,11,10,6,10,10,6,10,6,10,6,10,6,10,6,10,6,10,6,10,6,10,6,10,6,10,6,10,10,6,10,10,6,10,6,10,6,10,6,10,6,10,6,10,6,10,6,11,10,6,10,10
Acari,Acari,9,0,32,0,77,4,15,5,5,4,2,8,11,11,3,33,4,7,3,3,3,18,6,4,7,13,38,2,0,7,7,4,1,1,15,11,2,9,2,23,3,1,3,6,2,5,1,9,4,18,18,5,0,1,2,7,1,2,5,9,5,6,0,2,2,3,2,4,1,5,1,1,1,18,2,2,10,8,4,1,7,5,0,0,2,0,5,0,6,4,1,2,9,2,0,6,0,8,14,1,0,4,4,3,5,2,3,22,0,12,1,3,2,19,6,1,12,24,3,1,4,3,0,3,3,6,2,7,1,2,2,2,0,0,1,2,0,3,6,0,1,0,2,0,0,3,1,0,0,1,0,8,1,2,6,5,2,1,1,1,1,3,1,1,1,0,0,0,3,4,0,1,2,1,4,2,1,4,5,6,5,25,3,0,12,1,3,20,35,0,20,16,43,7,11,30,9,8,11,18,17,17,7,34,19,13,30,7,26,5,8,3,7,6,16,18,6,7,12,4,15,13,50,13,45,23,64,22,31,23,4,13,4,1,3,22,11,5,4,6,8,3,8,8,11,4,3,9,6,26,6,9,9,13,12,1,7,5,25,4,9,5,18,2,2,5,0,6,0,0,2,5,0,0,2,0,2,0,2,0,0,2,8,0,2,1,6,0,0,12,2,8,1,0,13,2,0,12,3,0,6,18,0,3,0,6,0,3,3,0,54,0,48,6,6,6
Odonata,Aeshnidae,0,0,0,0,0,0,0,0,0,0,0,0,0,0,0,0,0,0,0,0,0,0,0,0,0,0,0,0,0,0,0,0,0,0,0,0,0,0,0,0,0,0,0,0,0,0,0,0,0,0,0,0,0,0,0,0,0,0,0,0,0,0,0,0,0,0,0,0,0,0,0,0,0,0,0,0,0,0,0,0,0,0,0,0,0,0,0,0,0,0,0,0,0,0,0,0,0,0,0,0,0,0,0,0,0,0,0,0,0,0,0,0,0,0,0,0,0,0,0,0,0,0,0,0,0,0,0,0,0,0,0,0,0,0,0,0,0,0,0,0,0,0,0,0,0,0,0,0,0,0,0,0,0,0,0,0,0,0,0,0,0,0,0,0,0,0,0,0,0,0,0,0,0,0,0,0,0,0,0,0,0,0,0,0,0,0,0,0,0,0,0,0,0,0,0,0,0,0,0,0,0,0,0,0,0,0,0,0,0,0,0,0,0,0,0,0,1,0,0,0,0,0,0,0,0,0,0,0,0,0,1,0,0,0,0,0,0,0,0,0,0,0,0,0,0,0,0,0,0,0,0,0,0,0,0,0,0,0,0,0,0,0,0,0,0,0,0,0,0,0,0,0,0,0,0,0,0,0,0,0,0,0,0,0,0,0,0,0,0,0,0,0,0,0,0,0,0,0,0,0,0,0,0,0,0,0,0,0,0,0,0,0,0,0,6,18
Ephemeroptera,Ameletidae,5,0,1,0,0,11,0,2,4,11,15,10,0,0,0,4,0,23,2,16,9,6,5,4,0,0,5,0,2,0,0,0,5,0,0,0,0,0,0,0,5,0,0,0,0,0,0,4,2,0,8,10,0,1,0,0,0,0,0,0,0,0,0,0,0,0,0,0,1,0,0,0,0,0,0,0,0,0,1,0,0,0,0,0,0,0,0,0,0,0,0,0,0,0,0,0,0,0,0,0,0,0,0,0,0,0,0,25,0,0,0,0,0,0,0,0,0,0,0,0,0,0,0,0,0,0,0,0,0,0,0,0,0,0,0,0,0,0,0,0,0,0,0,0,0,0,0,0,0,0,6,0,0,0,0,0,0,0,0,0,0,0,0,0,0,0,0,0,0,0,0,0,0,0,0,0,0,0,0,0,0,0,0,0,0,0,0,0,0,0,0,0,0,0,0,0,0,0,0,0,0,0,0,0,0,2,0,1,1,2,0,0,0,0,0,0,0,0,0,0,0,0,0,0,0,0,0,0,0,0,0,0,0,1,0,0,0,0,0,0,0,0,0,0,0,0,0,0,0,0,0,0,0,0,0,0,1,0,0,0,0,0,0,0,0,0,0,0,0,0,0,1,0,0,0,0,0,0,0,0,0,0,0,0,0,0,0,0,0,0,0,0,0,2,0,0,0,0,0,0,0,0,0,0,0,0,0,0,0,0,0,0,0,0,12,0
Amphipoda,Amphipoda,0,0,0,0,0,0,0,0,0,0,0,0,0,0,0,0,0,0,0,0,0,0,0,0,0,0,0,0,0,0,0,0,0,0,0,0,0,0,0,0,0,0,0,0,0,0,0,0,0,0,0,0,0,0,0,0,0,0,0,0,0,0,0,0,2,0,0,0,1,1,0,0,2,0,1,0,0,1,1,0,0,0,0,0,0,0,0,0,0,0,0,0,0,1,0,2,1,0,6,0,0,0,0,0,0,0,0,0,0,5,0,2,1,0,20,0,0,1,0,2,32,0,10,9,15,4,0,11,29,7,21,1,13,8,7,53,37,27,181,5,44,95,51,16,28,16,104,180,34,3,2,1,2,3,0,3,1,6,2,1,17,4,14,6,6,11,26,36,17,6,108,2,53,14,12,0,3,1,11,5,12,4,6,6,0,0,0,0,0,0,0,0,0,0,4,1,0,0,1,0,0,0,0,0,0,0,0,0,1,0,0,0,0,0,0,0,0,1,0,0,2,0,0,0,0,0,2,0,0,0,0,0,0,0,0,0,0,1,0,0,0,0,0,0,0,0,0,0,0,0,0,0,0,0,0,0,0,1,0,0,0,0,0,19,86,133,190,128,65,317,0,0,0,0,0,0,0,3,0,0,0,0,0,0,0,0,0,0,0,0,0,0,0,1,0,0,0,0,0,9,0,0,12,0,0,75,0,0,3,27,6,15,0,6,3,9
Coleoptera,Amphizoidae,0,0,0,0,0,0,0,0,0,0,0,0,0,0,0,0,0,0,0,0,0,0,0,0,0,0,0,0,0,0,0,0,0,0,0,0,0,0,0,0,0,0,0,0,0,0,0,0,0,0,0,0,0,0,0,0,0,0,0,0,0,0,0,0,0,0,0,0,0,0,0,0,0,0,0,0,0,0,0,0,0,0,0,0,0,0,0,0,0,0,0,2,0,0,0,0,0,0,0,0,0,0,0,0,0,0,0,0,0,0,0,0,0,0,0,0,0,0,0,0,0,0,0,0,0,0,0,0,0,0,0,0,0,0,0,0,0,0,0,0,0,0,0,0,0,0,0,0,0,0,0,0,0,0,0,0,0,0,0,0,0,0,0,0,0,0,0,0,0,0,0,0,0,0,0,0,0,0,0,0,0,0,0,0,0,0,0,0,0,0,0,0,0,0,0,0,0,0,0,0,0,0,0,0,0,0,0,0,0,0,0,0,0,0,0,0,0,0,0,0,0,0,0,0,0,0,0,0,0,0,0,0,0,0,0,0,0,0,0,0,0,0,0,0,0,0,0,0,0,0,0,0,0,0,0,0,0,0,0,0,0,0,0,0,0,0,0,0,0,0,0,0,0,0,0,0,0,0,0,0,0,0,0,0,0,0,0,0,0,0,0,0,0,0,0,0,0,0,0,0,0,0,0,0,0,0,0,0,0,0,0,0,0,0,27,0
Trichoptera,Apataniidae,0,0,0,0,0,0,0,2,0,0,0,0,0,0,0,0,1,0,2,0,0,0,0,0,0,0,0,0,0,0,0,3,0,0,2,0,0,0,0,0,0,0,0,0,0,0,0,0,3,0,0,4,0,1,0,0,0,0,0,0,0,0,0,0,0,0,0,0,0,0,1,0,0,0,0,0,0,0,0,0,0,0,0,0,0,0,0,0,0,0,0,0,0,0,0,0,0,0,0,0,0,0,0,0,0,0,0,0,0,0,0,0,0,0,0,0,0,0,0,0,0,0,0,0,0,0,0,0,0,0,0,0,0,0,0,0,0,0,0,0,0,0,0,0,0,0,0,0,0,0,0,0,0,0,0,0,0,0,0,0,0,0,0,0,0,0,0,0,0,0,0,0,0,0,0,0,0,0,0,0,0,0,0,0,0,0,0,0,0,0,0,0,0,0,0,0,0,0,0,0,0,0,0,0,0,0,0,0,0,0,0,0,0,0,0,0,0,0,0,0,0,0,0,0,0,0,0,0,0,0,0,0,0,0,0,0,0,0,0,0,0,0,0,0,0,0,0,0,0,0,0,0,0,0,0,0,0,0,0,0,0,0,0,0,0,0,0,0,0,0,0,0,0,0,0,0,0,0,0,0,0,0,0,0,0,0,0,0,0,0,0,0,0,0,0,0,0,0,0,0,0,0,0,0,0,0,0,0,0,0,0,0,0,0,0,0
Trichoptera,Arctopsychinae,0,0,0,0,0,7,0,5,0,0,0,2,9,6,8,2,29,0,26,1,11,0,0,14,0,6,0,0,0,0,0,0,0,0,0,0,0,0,0,0,0,0,0,0,0,0,2,0,0,0,0,0,0,0,0,0,0,0,0,0,0,0,0,0,0,0,0,0,0,0,0,0,0,0,0,0,0,0,0,0,0,0,0,0,0,1,0,0,0,0,0,0,0,0,0,0,0,0,0,0,0,0,0,0,0,0,0,0,0,0,0,0,0,0,0,0,0,0,0,0,0,0,0,0,0,0,0,0,0,0,0,0,0,0,0,0,0,0,0,0,0,0,0,0,0,0,0,0,0,0,0,0,0,0,0,0,0,0,0,0,0,0,0,0,0,0,0,0,0,0,0,0,0,0,0,0,1,0,0,0,0,0,0,0,0,0,0,0,0,0,0,3,0,0,0,3,0,0,0,0,0,0,0,0,0,0,0,0,0,0,0,0,0,0,0,0,0,0,0,1,0,6,0,0,0,0,0,0,0,0,0,0,0,0,0,0,0,0,0,0,0,4,4,4,0,7,1,3,0,0,0,0,0,3,0,0,0,0,0,0,0,0,0,0,0,0,0,0,0,0,0,0,0,0,0,0,0,0,0,0,0,0,0,0,0,0,0,0,0,0,0,0,0,0,0,0,0,0,0,0,0,3,0,0,0,0,0,0,0,0,0,0,0,0,0,0
Diptera,Athericidae,0,0,0,0,0,0,0,0,0,0,0,0,0,0,0,0,0,0,0,0,0,0,0,0,0,0,0,0,0,0,0,0,0,0,0,0,0,0,0,0,0,0,0,0,0,0,0,0,0,0,0,0,0,0,0,0,0,0,0,0,0,0,0,0,0,0,0,0,0,0,0,0,0,0,0,0,0,0,0,0,0,0,0,0,0,0,0,0,0,0,0,0,0,0,0,0,0,0,0,0,0,0,0,0,0,0,0,0,0,0,0,0,0,0,0,0,0,0,0,0,0,0,0,0,0,0,0,0,0,0,0,0,0,0,0,0,0,0,0,0,0,0,0,0,0,0,0,0,0,0,0,0,0,0,0,0,0,0,0,0,0,0,0,0,0,0,0,0,0,0,0,0,0,0,0,0,0,0,0,0,0,0,0,0,0,0,0,0,0,0,0,0,0,0,0,0,0,0,0,0,0,0,0,0,0,0,0,0,0,0,0,0,0,0,0,0,0,0,0,0,0,0,0,0,0,0,0,0,0,0,0,0,0,0,0,0,0,0,0,0,0,0,0,0,0,0,0,0,0,0,0,0,0,0,0,0,0,0,0,0,1,0,0,0,0,0,0,0,0,0,0,0,0,0,0,0,0,0,0,0,0,0,0,0,0,0,0,0,0,0,0,0,0,0,0,0,0,0,0,0,0,0,0,0,0,0,0,0,0,0,0,0,0,0,0,0
Ephemeroptera,Baetidae,18,3,30,17,18,19,58,88,17,10,28,45,77,37,24,80,65,39,74,64,8,16,5,34,60,125,19,12,19,18,37,40,38,21,18,81,75,38,89,45,77,73,84,179,108,70,82,35,63,3,70,40,20,76,59,107,68,52,127,94,173,113,105,202,222,40,70,157,150,219,65,188,64,241,52,127,84,135,65,73,115,165,69,149,201,29,93,18,20,60,41,158,34,49,16,20,26,62,31,32,131,219,92,136,59,111,83,0,82,164,183,299,43,183,86,81,122,190,56,14,67,75,66,83,56,223,66,137,184,224,77,257,51,138,61,84,234,217,254,33,183,175,97,273,108,31,83,47,74,17,22,83,28,193,20,67,108,238,78,192,59,30,33,99,114,181,94,286,102,226,46,128,70,12,91,20,91,41,78,209,89,71,177,58,6,26,5,34,12,6,13,189,7,34,10,14,20,6,4,65,5,24,8,33,2,17,0,27,3,41,5,51,22,52,25,16,41,130,44,124,13,127,106,8,42,84,7,45,33,44,1,42,41,50,5,0,6,10,2,29,4,8,11,104,12,54,25,11,13,3,11,10,8,7,12,23,2,20,20,17,4,8,1,172,230,355,82,33,109,13,34,62,94,43,108,42,106,150,122,53,88,46,143,55,166,89,163,62,73,27,67,7,17,10,49,96,357,24,870,72,99,30,171,90,432,186,408,132,1014,24,90,81,132,30,6,27
Hemiptera,Belostomatidae,0,0,0,0,0,0,0,0,0,0,0,0,0,0,0,0,0,0,0,0,0,0,0,0,0,0,0,0,0,0,0,0,0,0,0,0,0,0,0,0,0,0,0,0,0,0,0,0,0,0,0,0,0,0,0,0,0,0,0,0,0,0,0,0,0,0,0,0,0,0,0,0,0,0,0,0,0,0,0,0,0,0,0,0,0,0,0,0,0,0,0,0,0,0,0,0,0,0,0,0,0,0,0,0,0,0,0,0,0,0,0,0,0,0,0,0,0,0,0,0,0,0,0,0,0,0,0,0,0,0,0,0,0,0,0,0,0,0,0,0,0,0,0,0,0,0,0,0,0,0,0,0,0,0,0,0,0,0,0,0,0,0,0,0,0,0,0,0,0,0,0,0,0,0,0,0,0,0,0,0,0,0,0,0,0,0,0,0,0,0,0,0,0,0,0,0,0,0,0,0,0,0,0,0,0,0,0,0,0,0,0,0,0,0,0,0,0,0,0,0,0,0,0,0,0,0,0,0,0,0,0,0,0,0,0,0,1,0,0,0,0,0,0,0,0,0,0,0,0,0,0,0,0,0,0,0,0,0,0,0,0,0,0,0,0,0,0,0,0,0,0,0,0,0,0,0,0,0,0,0,0,0,0,0,0,0,0,0,0,0,0,0,0,0,0,0,0,0,0,0,0,0,0,0,0,0,0,0,0,0,0,0,0,0,0,0
Diptera,Blephariceridae,0,1,0,0,0,0,0,0,0,0,0,0,0,0,0,0,0,0,0,0,0,0,0,0,0,0,0,0,0,0,0,0,0,0,0,0,0,0,0,0,0,0,0,0,0,0,0,0,0,0,0,0,0,0,0,0,0,0,0,0,0,0,0,0,0,0,0,0,0,0,0,0,0,0,0,0,0,0,0,0,0,0,0,0,0,0,1,0,0,0,0,0,0,0,0,0,0,0,0,0,0,0,0,0,0,0,0,0,0,0,0,0,0,0,0,0,0,0,0,0,0,0,0,0,0,0,0,0,0,0,0,0,0,0,0,0,0,0,0,0,0,0,0,0,0,0,0,0,0,0,0,0,0,0,0,0,0,0,0,0,0,0,0,0,0,0,0,0,0,0,0,0,0,0,0,0,0,0,0,0,0,0,0,0,0,0,0,0,0,0,0,0,0,0,0,0,0,0,0,0,0,0,0,0,0,0,0,0,0,0,0,0,0,0,0,0,0,0,0,0,0,0,0,0,0,0,0,0,0,0,0,0,0,0,0,0,0,0,0,0,0,0,0,0,0,0,0,0,0,0,0,0,0,0,0,0,0,0,0,0,0,0,0,0,0,0,0,0,0,0,0,0,0,0,0,0,0,0,0,0,0,0,0,0,0,0,0,0,0,0,0,0,0,0,0,0,0,0,0,0,0,0,0,0,0,0,0,0,0,0,0,0,0,0,0,0
Trichoptera,Brachycentridae,1,1,0,0,3,0,18,1,1,0,2,5,6,1,7,0,6,1,6,4,24,1,11,6,1,2,10,0,16,0,9,0,5,1,8,8,31,0,28,2,37,1,92,0,35,2,27,33,16,1,66,49,0,6,0,0,0,0,0,0,0,0,3,2,5,0,3,1,6,1,17,2,12,0,7,5,15,3,56,114,12,123,112,0,0,0,0,0,0,1,2,0,2,1,0,0,0,1,1,0,0,0,4,0,0,0,0,1,0,2,0,0,0,0,0,0,0,0,0,7,0,1,4,25,2,3,3,6,1,0,7,3,0,9,0,5,15,6,9,1,1,2,2,3,0,0,0,0,4,7,0,14,2,1,3,1,2,1,6,2,1,1,3,9,10,0,7,2,0,0,0,0,0,2,0,0,0,0,1,0,1,1,1,0,10,0,4,0,10,0,29,2,20,0,98,12,27,1,25,0,1,3,3,1,64,0,51,0,0,1,9,0,1,3,9,5,21,1,34,1,35,8,180,0,22,1,10,2,14,0,0,5,88,37,0,4,2,7,7,2,14,5,11,8,64,4,95,6,167,7,46,1,109,0,11,2,27,1,93,91,1,0,2,0,0,0,0,0,0,0,1,1,1,1,2,3,2,3,0,1,4,4,1,1,2,1,0,1,0,1,1,0,3,0,3,11,39,3,36,30,87,93,102,6,24,18,12,15,12,12,0,33,3,9,0,0
Ephemeroptera,Caenidae,0,0,0,0,0,0,0,0,0,0,0,0,0,0,0,0,0,0,0,0,0,0,0,0,0,0,0,0,1,0,0,0,0,0,0,0,0,0,0,0,0,0,0,0,0,0,0,0,0,0,0,0,0,0,0,0,0,0,0,0,0,0,0,0,0,0,0,0,0,0,0,0,0,0,0,0,0,11,0,0,0,0,0,0,0,0,0,0,0,0,0,0,0,0,0,0,0,0,0,0,0,0,0,0,0,0,0,0,0,0,0,0,0,0,0,0,0,0,0,0,0,0,0,0,0,0,0,0,0,0,0,0,0,0,0,0,0,0,0,0,0,0,0,0,0,0,0,0,1,0,0,0,0,0,0,1,0,0,0,0,0,0,0,0,0,0,0,0,0,0,0,0,0,0,1,0,0,0,0,1,0,0,0,0,0,0,0,0,0,0,0,0,0,0,0,0,0,0,0,0,0,0,0,0,0,0,0,0,0,0,0,0,0,0,0,0,0,0,0,0,0,0,0,0,0,0,0,0,0,0,0,0,0,0,0,0,0,0,0,0,0,0,0,0,0,0,0,0,0,0,0,0,0,0,0,0,0,0,0,0,0,0,0,0,0,0,0,0,0,2,0,0,0,0,0,0,0,0,0,0,0,0,0,0,0,0,0,0,0,0,0,0,0,2,0,0,0,0,0,0,0,0,0,0,0,0,0,0,0,138,0,57,3,12,0,0
Trichoptera,Calamoceratidae,0,0,0,0,0,0,0,0,1,0,5,0,0,0,1,0,0,0,0,0,0,0,0,27,0,0,0,0,0,0,0,0,0,0,0,2,0,0,0,0,0,0,0,0,1,0,0,3,0,0,6,0,0,1,0,0,0,0,0,0,0,0,0,0,0,0,0,0,0,0,0,0,0,0,0,0,0,0,0,0,0,0,0,0,0,1,0,2,0,0,1,0,2,0,0,0,0,0,0,0,0,0,0,0,0,0,0,0,0,0,0,0,0,0,0,0,0,0,0,0,0,0,0,0,0,0,0,0,0,0,0,0,0,0,0,0,0,0,0,0,0,0,0,0,0,0,0,0,0,0,0,0,0,0,0,0,0,0,0,0,0,0,0,0,0,0,0,0,0,0,0,0,0,0,0,0,0,0,0,0,0,0,0,0,0,0,0,0,1,0,0,0,0,0,0,0,0,0,0,0,0,0,0,0,0,0,2,0,0,0,0,0,0,0,1,0,0,0,0,0,0,0,0,0,0,0,0,1,0,0,0,0,1,0,0,0,0,0,1,0,0,0,0,0,0,0,0,0,0,0,0,0,0,0,0,0,3,0,3,1,0,0,2,0,0,0,0,0,0,0,0,0,0,0,0,0,0,0,0,0,0,0,0,0,0,0,0,0,0,0,0,0,0,0,0,0,0,0,0,0,0,0,0,0,0,0,0,0,0,0,0,0,0,0,0,0
Odonata,Calopterygidae,0,0,0,0,0,0,0,0,0,0,0,0,0,0,0,0,0,0,0,0,0,0,0,0,0,0,0,0,0,0,0,0,0,0,0,0,0,0,0,0,0,0,0,0,0,0,0,0,0,0,0,0,0,0,0,0,0,0,0,0,0,0,0,0,0,0,0,0,0,0,0,0,0,0,0,0,0,0,0,0,0,0,0,0,0,0,0,0,0,0,0,0,0,0,0,0,0,0,0,0,0,0,0,0,0,0,1,1,0,0,0,0,0,0,2,0,0,0,0,0,0,0,0,0,0,0,0,1,0,0,0,0,0,0,0,0,0,0,0,0,0,0,0,0,0,0,0,0,0,0,0,0,0,0,0,0,1,0,0,0,0,1,0,2,0,0,0,0,1,0,0,0,0,0,0,0,0,0,0,0,0,0,0,0,0,0,0,0,0,0,0,0,0,0,0,0,0,0,0,0,0,0,0,0,0,1,0,0,0,0,0,0,0,0,0,0,0,0,0,0,0,0,0,0,0,0,0,0,0,0,0,0,0,0,0,0,0,0,0,0,0,0,0,0,0,0,0,0,0,0,0,0,1,0,0,0,0,0,0,0,0,0,0,0,0,0,0,0,0,0,0,0,0,0,0,0,0,0,0,0,0,0,0,0,0,0,0,2,0,0,0,0,0,0,0,0,0,0,0,0,0,0,0,0,0,0,0,0,0,0,0,0,0,0,0,0
Plecoptera,Capniidae,0,0,0,0,0,1,0,0,2,0,4,0,3,0,0,0,0,1,0,0,0,0,4,0,0,0,1,0,0,0,0,0,0,0,0,0,0,0,0,0,0,0,0,1,0,0,0,11,0,0,22,0,0,0,0,0,0,0,0,0,0,0,0,0,0,0,0,0,0,1,0,0,0,0,0,0,0,0,0,0,0,0,0,0,0,0,0,0,0,0,0,0,0,0,0,0,0,0,0,0,0,0,0,0,0,0,0,0,0,0,0,0,0,0,0,0,0,0,0,0,0,0,0,0,0,0,0,0,0,0,0,0,0,0,0,0,0,0,0,0,0,0,0,0,0,0,0,0,0,0,0,0,0,0,0,0,0,0,0,0,0,0,0,0,0,0,0,0,0,0,0,0,0,0,0,0,0,0,0,0,0,0,0,0,0,0,0,0,2,0,1,0,0,1,0,0,0,2,0,0,0,0,0,0,0,2,0,0,0,0,1,0,4,0,6,0,0,0,9,0,19,0,6,0,0,0,0,0,0,0,9,0,3,2,0,1,0,0,2,0,4,0,3,1,18,0,2,0,1,0,0,0,0,0,9,1,0,0,4,2,0,0,8,0,0,0,0,0,0,0,0,1,0,0,0,0,0,0,0,0,0,0,0,0,0,0,0,3,0,0,0,0,0,0,0,0,0,0,0,0,0,0,0,0,0,0,0,0,0,0,0,0,0,0,0,0
Diptera,Ceratopogonidae,0,0,0,0,0,0,0,0,0,0,0,0,0,0,0,0,0,0,0,1,0,0,0,0,0,0,0,0,0,0,0,0,0,0,0,0,0,0,0,0,0,1,0,0,0,0,0,1,0,0,2,1,2,0,1,0,0,0,0,0,0,0,0,0,0,0,0,1,0,1,0,0,0,0,0,0,0,0,0,0,0,0,1,0,1,0,0,0,0,0,2,0,1,0,0,0,0,3,0,0,0,0,0,3,1,2,0,0,0,2,0,0,0,1,0,0,0,0,1,0,0,0,0,0,0,0,0,0,0,0,0,0,0,0,0,0,0,0,0,0,0,0,0,1,0,0,0,0,0,0,0,0,0,0,0,111,0,0,0,0,0,0,0,1,0,0,0,0,0,1,0,0,0,2,0,0,1,0,0,0,1,0,0,0,0,0,0,0,1,1,0,0,0,0,1,2,0,0,0,2,1,2,1,1,0,3,5,10,15,1,0,0,0,1,1,0,0,1,2,0,0,0,2,0,3,0,4,3,0,0,5,0,2,1,2,6,0,2,0,0,0,0,0,0,0,3,0,2,0,3,0,2,0,0,7,1,1,1,2,2,9,20,10,0,0,0,0,0,0,0,0,0,0,0,1,0,0,0,0,0,0,1,0,0,0,0,1,0,1,0,0,2,0,1,0,0,0,12,0,0,6,9,3,0,3,6,0,3,0,6,3,12,6,9,0,9
Diptera,Chironomidae,58,0,83,109,33,43,36,64,20,34,47,64,52,65,10,48,11,77,13,56,14,104,20,16,159,10,7,75,8,91,34,255,109,63,24,62,29,182,55,171,83,64,62,82,35,52,15,105,45,216,210,96,356,111,22,58,1,40,16,32,21,69,11,71,6,80,6,94,7,13,12,27,11,64,10,190,4,177,28,1,238,6,8,10,31,8,72,0,265,6,22,10,30,30,2,196,113,160,230,57,126,99,47,45,198,51,47,147,17,92,36,38,52,66,28,45,46,107,46,107,55,86,8,47,56,31,168,101,68,10,215,15,6,65,76,128,156,59,121,6,14,32,44,51,27,167,26,41,55,50,3,94,123,19,281,0,43,16,124,61,14,120,62,113,118,74,85,33,54,83,34,119,50,114,105,85,5,115,65,40,145,89,82,2,109,122,210,193,260,33,36,60,121,94,134,222,259,283,220,252,201,313,209,377,107,321,105,277,227,181,156,172,91,315,265,301,114,176,138,160,218,116,438,403,151,135,153,295,158,344,151,399,138,129,458,325,107,197,111,243,336,265,82,105,67,116,82,228,133,228,140,157,77,155,201,317,135,207,169,58,354,199,212,226,48,104,22,135,133,21,126,105,108,38,141,56,203,125,113,32,75,80,74,23,64,39,73,27,95,40,184,88,40,36,56,5,81,417,183,123,249,144,189,306,48,228,30,180,108,153,186,687,99,189,84,138
Plecoptera,Chloroperlidae,1,2,2,0,6,0,3,3,11,0,8,0,10,4,2,2,4,2,1,5,9,5,10,34,4,1,11,1,0,0,6,0,0,0,4,10,7,5,8,4,18,0,11,2,17,2,0,7,5,2,14,20,0,8,0,0,7,0,1,0,3,0,0,1,0,0,4,1,9,0,11,0,9,0,4,0,13,4,25,12,0,4,17,2,2,30,6,2,1,23,12,5,20,0,0,0,0,0,0,1,0,2,0,0,0,0,4,0,0,0,0,0,0,3,3,0,8,23,5,5,0,0,0,0,0,0,0,0,0,0,0,0,0,0,0,0,0,0,0,0,0,0,0,0,0,0,0,0,0,0,1,0,0,0,0,0,0,0,0,0,0,0,0,0,0,0,0,0,0,0,0,0,0,0,0,0,0,0,0,0,0,0,0,0,1,0,1,0,4,0,1,1,9,4,4,0,17,10,5,8,32,0,25,0,46,3,0,6,8,7,0,0,1,0,0,0,0,0,1,2,0,0,10,0,7,1,23,0,5,2,6,4,4,12,0,0,2,1,0,0,1,0,1,0,8,5,3,4,13,11,14,7,50,1,2,3,14,3,9,9,1,16,7,0,0,1,0,0,0,0,1,0,0,0,9,4,1,20,2,6,0,47,1,22,0,19,4,26,7,44,9,28,14,1,17,12,0,66,3,69,0,81,21,3,3,0,0,27,6,66,3,81,69,39,0,0
Cladocera,Cladocera,0,0,0,0,0,0,0,0,0,0,0,0,0,0,0,0,0,0,0,0,0,0,0,0,0,0,0,0,0,0,0,0,0,0,0,0,0,0,0,0,0,0,0,0,0,0,0,0,0,0,0,0,0,0,0,0,0,0,0,0,0,0,0,0,0,0,0,0,0,0,0,0,0,0,0,0,0,0,0,0,0,0,0,0,0,0,0,0,0,0,0,0,0,0,0,1,0,0,0,0,0,0,0,0,0,0,0,0,0,0,0,0,0,0,0,0,0,0,0,0,0,0,0,0,0,0,0,0,0,0,0,0,0,0,0,0,0,0,0,0,0,0,0,0,0,0,0,0,0,0,0,0,0,0,0,0,0,0,0,0,0,0,0,0,0,0,0,0,0,0,0,0,0,0,0,1,0,0,0,0,0,0,0,0,0,0,0,0,0,0,0,0,0,0,0,0,0,0,0,0,0,0,0,0,0,0,0,0,0,0,0,0,0,0,0,0,0,0,0,0,0,0,0,0,0,0,0,0,0,0,0,0,0,0,0,0,0,0,0,0,0,0,0,0,0,0,0,0,0,0,0,0,0,0,0,0,0,0,0,0,0,0,0,0,0,0,0,0,0,0,0,0,0,0,0,0,0,0,0,0,0,0,0,0,0,0,0,0,0,0,0,0,0,0,0,0,0,0,0,0,0,0,0,0,0,0,0,0,0,0,0,0,0,0,0,0
Odonata,Coenagrionidae,0,0,0,0,0,0,0,0,0,0,0,0,0,0,0,0,0,0,0,0,0,0,0,0,0,0,0,0,0,0,0,0,0,0,0,0,0,0,0,0,0,0,0,1,0,1,0,0,0,0,0,0,0,0,0,0,0,0,0,0,0,0,0,0,0,0,0,0,0,0,0,0,0,0,0,0,0,0,0,0,0,0,0,0,3,0,2,4,0,1,1,0,2,7,4,2,3,1,4,5,14,0,11,0,13,0,3,5,2,1,5,0,10,3,14,2,8,23,20,1,5,0,0,1,0,0,0,4,2,0,0,1,1,2,1,3,14,0,10,1,1,2,4,0,0,2,0,2,7,0,1,0,2,0,1,1,2,0,0,0,3,0,3,1,6,0,6,0,3,1,5,0,8,5,3,0,1,0,0,0,7,1,10,1,0,0,0,0,0,0,1,0,2,0,0,0,0,0,0,0,0,1,0,0,1,0,1,0,0,1,0,0,2,0,6,0,0,0,0,0,0,0,0,0,0,0,5,1,2,0,0,0,0,2,0,5,0,0,0,0,0,0,0,0,0,0,1,0,0,0,0,0,0,0,0,0,0,0,0,0,0,0,0,0,0,0,0,0,3,0,1,4,0,1,2,1,0,0,0,2,0,1,0,2,0,3,2,3,3,6,0,5,2,2,7,0,3,24,0,105,9,51,27,18,3,195,9,150,0,6,12,60,9,18,108,0
Copepoda,Copepoda,0,0,0,0,0,0,0,0,0,0,0,0,0,0,0,0,0,0,0,0,0,0,0,0,0,0,0,0,0,0,0,0,0,0,0,0,0,0,0,0,0,0,0,0,0,0,0,0,0,0,0,0,0,0,0,0,0,0,0,0,0,0,0,0,0,0,0,0,0,0,0,0,0,0,0,0,0,0,0,0,0,0,0,0,0,0,0,0,0,0,0,0,0,0,0,0,0,0,0,0,0,2,0,0,0,0,0,0,0,0,0,0,0,0,0,0,0,0,0,0,0,0,0,0,0,0,0,0,0,0,0,0,0,0,0,0,0,0,0,0,0,0,0,0,0,0,0,0,0,0,0,0,0,0,0,0,0,0,0,0,0,0,0,0,0,0,0,0,0,0,0,0,0,0,0,0,0,0,0,0,0,0,0,0,1,0,0,0,0,0,0,0,0,0,0,0,0,0,0,0,0,0,0,0,0,0,0,0,0,0,2,0,0,0,0,0,0,0,0,0,0,0,0,0,0,0,0,0,0,0,0,0,0,0,0,0,0,0,0,0,0,0,0,0,0,0,0,0,0,0,0,0,0,0,0,0,0,0,0,0,0,0,0,0,0,0,0,0,0,0,0,0,0,0,0,0,0,0,0,0,0,0,0,0,0,0,0,0,0,0,0,0,0,0,0,0,0,0,0,0,0,0,0,0,0,0,0,0,0,0,0,0,0,0,0,0
Odonata,Cordulegastridae,0,0,0,0,0,0,0,0,0,0,1,0,0,0,0,0,0,0,0,0,0,0,0,0,0,0,1,0,0,0,0,0,0,0,0,0,0,0,0,0,0,0,0,0,0,1,0,0,0,0,0,1,4,0,0,0,0,0,0,0,0,0,0,0,0,0,0,0,0,0,0,0,0,0,0,0,0,0,0,0,0,0,0,0,0,0,0,0,0,0,0,0,0,0,0,0,0,0,0,0,0,0,0,0,0,0,0,0,0,0,0,0,0,0,0,0,0,0,0,0,1,0,0,0,0,0,0,0,0,0,0,0,0,0,0,0,0,0,0,0,0,0,0,0,0,0,14,0,0,0,0,0,0,0,0,1,0,0,0,0,0,0,0,0,0,0,0,0,0,0,1,0,0,0,0,0,0,0,0,0,0,0,0,0,2,0,0,1,7,0,1,0,0,0,1,1,7,1,10,1,7,0,5,3,4,0,26,5,8,4,0,1,8,0,13,0,1,1,1,0,1,0,0,0,1,3,8,4,6,2,7,0,1,7,0,15,1,0,7,0,0,0,2,0,1,0,1,1,2,11,0,6,0,2,2,1,2,1,4,6,5,11,8,0,0,2,0,0,0,0,0,0,0,0,0,0,0,0,0,0,0,0,0,0,0,0,0,0,0,0,0,0,0,0,0,0,0,0,0,0,0,0,0,0,0,0,0,0,0,0,0,0,0,0,0,0
Odonata,Corduliidae,0,0,0,0,0,0,0,0,0,0,0,0,0,0,0,0,0,0,0,0,0,0,0,0,0,0,0,0,0,0,0,0,0,0,0,0,0,0,0,0,0,0,0,0,0,0,0,0,0,0,0,0,0,0,0,0,0,0,0,0,0,0,0,0,0,0,0,0,0,0,0,0,0,0,0,0,0,0,0,0,0,0,0,0,0,0,0,0,0,0,0,0,0,0,0,0,0,0,2,0,0,0,0,0,0,0,1,0,0,0,0,0,0,0,0,0,0,0,0,0,0,0,0,0,0,0,0,0,0,0,0,0,0,0,0,0,0,0,0,0,0,0,0,0,0,0,0,0,0,0,0,0,0,0,1,0,0,0,0,0,0,0,2,0,0,0,0,0,0,0,0,0,0,0,0,0,0,0,0,0,0,0,0,0,0,0,0,0,0,0,0,0,0,0,0,0,0,0,0,0,0,0,0,0,0,0,0,0,1,0,0,0,0,0,0,0,0,0,0,0,0,0,0,0,0,0,0,0,0,0,0,0,0,0,0,0,0,0,0,0,0,0,0,0,0,0,0,0,0,0,0,0,0,0,0,0,0,0,0,0,0,0,0,0,0,0,0,0,0,0,0,0,0,0,0,0,0,0,0,0,0,0,0,0,0,0,0,0,0,0,0,0,0,0,0,0,0,0,0,0,0,0,0,0,0,0,0,0,0,0,0,0,0,0,6,0
Megaloptera,Corydalidae,10,1,4,0,9,7,2,4,0,2,4,2,0,7,2,1,6,11,6,31,16,3,5,4,1,0,7,2,1,1,0,0,0,0,2,1,0,1,0,2,0,0,1,0,1,2,0,0,1,1,0,1,0,0,1,0,0,0,2,2,0,0,1,1,0,0,0,0,0,0,0,0,0,0,0,0,0,0,0,0,0,0,0,0,0,0,0,0,0,0,0,0,0,0,0,0,0,0,0,0,0,0,0,1,0,0,1,0,0,0,0,0,0,0,0,0,0,0,0,0,0,0,0,0,0,0,0,0,0,0,0,2,0,0,1,0,0,0,0,0,0,0,0,0,0,0,1,0,0,0,0,0,0,1,0,0,1,0,0,1,0,0,1,0,0,0,0,0,1,0,0,0,0,0,0,0,3,0,2,0,1,0,0,1,0,0,0,0,0,0,0,1,1,0,0,0,0,0,0,0,0,0,0,0,0,0,0,0,0,0,0,0,0,0,0,0,0,1,0,0,0,0,0,0,0,0,0,0,0,0,0,0,0,0,0,0,0,0,0,0,0,0,0,1,1,1,1,1,0,0,0,0,0,0,0,0,0,0,0,0,0,0,0,0,0,0,0,0,0,0,1,0,0,0,0,0,0,0,0,0,0,0,0,0,0,0,0,0,0,0,0,0,0,0,0,0,0,0,0,0,0,0,3,0,0,3,0,0,0,0,0,0,0,0,0,0
Decapoda,Decapoda,0,0,0,0,0,0,0,0,0,0,0,0,0,0,0,0,0,0,0,0,0,0,0,0,0,0,0,0,0,0,0,0,0,0,0,0,0,0,0,0,0,0,0,0,0,0,0,0,0,0,0,0,0,0,0,0,0,0,0,0,0,0,0,0,0,0,0,0,0,0,0,0,0,0,0,0,0,0,0,0,0,0,0,0,0,0,0,0,0,0,0,0,0,0,0,0,0,0,0,0,0,0,0,0,0,0,0,0,0,0,0,0,0,0,0,0,0,0,0,0,0,0,0,0,0,0,0,0,1,0,0,0,0,0,0,0,0,0,0,0,1,0,0,0,0,0,1,0,0,0,0,0,0,0,0,0,0,0,0,0,0,0,0,0,0,0,0,0,0,0,0,0,0,0,0,0,0,0,0,0,0,0,0,0,0,0,0,0,0,0,0,0,0,0,0,0,0,0,0,0,0,0,0,0,0,0,0,0,0,0,0,0,0,0,0,0,0,0,0,0,0,0,0,0,0,0,0,0,0,0,0,0,0,0,0,0,0,0,0,0,0,0,0,0,0,0,0,0,0,0,0,0,0,0,0,0,0,0,0,0,0,0,0,1,0,0,0,0,0,0,0,0,0,0,0,0,0,0,0,0,0,0,0,0,0,0,0,0,0,0,0,0,0,0,0,0,0,0,0,0,0,0,0,0,0,3,0,0,3,0,0,12,0,0,0,0
Diptera,Dixidae,0,0,0,0,0,0,0,0,0,0,0,0,0,0,0,0,0,0,0,0,0,0,0,0,0,0,0,0,0,0,0,0,0,0,0,0,0,0,0,0,0,0,0,0,0,0,0,0,0,0,0,0,0,0,0,0,0,0,0,0,0,0,0,2,0,0,0,0,0,1,0,0,1,0,0,0,0,1,0,0,0,0,0,0,0,0,0,0,0,0,0,0,0,0,0,0,0,0,0,0,0,0,0,0,0,0,0,0,0,0,0,0,0,0,0,0,0,0,0,0,0,0,0,0,0,0,0,0,0,0,0,0,0,0,0,0,0,0,0,0,0,0,0,0,0,0,0,0,0,0,0,0,0,0,0,0,0,0,0,0,0,0,0,0,0,0,0,0,0,0,0,0,0,0,0,0,0,0,0,0,0,0,0,0,0,0,0,0,0,0,0,1,0,0,0,0,0,3,0,1,0,0,0,0,0,0,0,0,0,1,0,0,0,0,0,0,0,0,0,0,0,0,0,0,0,0,0,0,0,0,0,0,1,0,0,0,0,0,0,0,0,1,0,0,0,0,0,3,0,0,0,0,2,1,0,0,2,0,0,0,0,0,1,0,0,0,0,0,0,0,0,0,0,0,0,0,0,0,0,0,0,0,0,0,0,0,0,0,0,0,0,0,0,0,0,0,0,0,0,0,0,0,0,0,0,0,0,0,0,0,0,0,0,0,0,0
Coleoptera,Dryopidae,0,0,0,0,0,0,0,0,0,0,0,0,0,0,0,0,0,0,0,0,0,0,0,0,0,0,0,2,0,0,0,0,0,0,0,0,0,0,0,0,0,0,0,0,0,0,0,0,0,0,0,0,0,0,0,0,0,0,0,0,0,0,0,0,0,0,0,0,0,0,0,0,0,0,0,0,0,0,0,0,0,0,0,0,0,0,0,0,0,0,0,0,0,0,0,0,0,0,0,0,0,2,0,0,0,0,0,0,0,0,0,0,0,0,0,0,0,0,0,0,0,0,0,0,0,0,0,0,0,0,0,0,0,0,0,0,0,0,0,0,0,0,0,0,0,0,0,0,0,0,0,0,0,0,0,0,0,0,0,0,0,0,0,0,0,0,0,0,0,0,0,0,0,0,0,0,0,0,0,0,0,0,0,0,0,0,0,0,0,0,0,0,0,0,0,0,0,0,0,0,0,0,0,0,0,0,0,0,0,0,0,0,0,0,0,0,0,0,0,0,0,0,0,0,0,0,0,0,0,0,0,0,0,0,0,0,0,0,0,0,0,0,0,0,0,0,0,0,0,0,0,0,0,0,0,0,0,0,0,0,0,0,0,0,0,0,0,0,0,0,0,0,0,0,0,0,0,0,0,0,0,0,0,0,0,0,0,0,0,0,0,0,0,0,0,0,0,0,0,0,0,0,0,0,0,0,0,0,0,0,0,0,0,0,0,0
Coleoptera,Dytiscidae,0,0,0,0,0,0,0,0,0,0,0,0,0,0,0,0,0,0,0,0,0,0,0,0,0,0,0,0,0,0,0,0,0,0,0,0,0,0,0,0,0,0,0,0,0,0,0,0,0,0,0,0,0,0,0,0,0,0,0,0,0,0,0,1,0,0,0,0,0,0,0,0,0,0,0,0,0,0,0,0,0,0,0,0,0,0,0,0,0,0,0,0,0,0,0,0,0,0,0,0,0,0,0,0,0,0,0,0,0,0,0,0,0,0,0,0,0,0,0,0,0,0,0,0,0,0,0,0,0,0,0,0,0,0,0,0,0,0,0,0,0,0,0,0,0,0,0,0,0,0,0,0,0,0,0,0,0,0,0,0,0,0,1,0,0,0,0,0,0,0,0,0,0,0,0,0,0,0,0,0,0,0,0,0,0,0,0,0,0,0,0,0,0,0,0,0,0,0,0,0,0,1,0,0,0,0,0,0,0,0,0,0,0,0,0,0,0,0,0,0,0,0,0,0,0,0,0,0,0,0,0,0,0,0,0,0,0,1,0,0,0,0,0,0,0,0,0,0,0,0,0,0,0,0,0,0,0,0,0,0,0,0,0,0,0,0,0,0,0,0,0,0,0,0,0,0,0,0,0,0,0,0,0,0,0,0,0,0,1,0,0,0,0,1,0,0,0,0,0,0,0,0,0,0,0,0,0,0,0,0,0,0,0,0,0,0
Coleoptera,Elmidae,13,3,7,19,52,33,17,32,40,0,42,23,17,40,28,42,30,13,44,38,29,46,25,60,43,54,62,4,2,3,3,0,16,24,25,18,24,8,19,16,14,13,22,5,11,3,6,7,4,4,14,8,7,8,12,16,17,9,51,3,33,19,28,21,33,10,27,15,15,45,47,16,28,5,15,0,12,18,11,15,48,16,90,134,73,103,23,5,27,58,56,83,70,27,9,6,29,27,51,64,48,22,106,17,55,47,90,74,66,46,98,12,80,13,83,54,42,105,114,27,38,4,6,3,11,6,4,7,34,1,10,3,5,17,31,19,71,4,60,7,4,19,38,8,11,4,29,26,7,11,13,15,13,16,26,7,11,10,24,17,54,21,34,28,46,10,60,3,24,4,8,9,32,13,42,11,27,7,35,7,47,72,61,6,14,3,4,0,7,4,11,43,15,9,37,18,12,19,16,31,38,6,29,4,18,18,38,27,29,3,4,7,22,1,44,12,28,16,30,14,12,13,28,12,43,30,67,7,4,8,17,5,27,15,0,25,10,6,12,12,12,22,15,41,48,21,38,25,15,50,34,35,91,8,11,9,15,9,10,23,6,6,12,2,0,4,1,2,3,2,47,12,36,65,74,55,38,72,32,48,91,120,55,154,33,86,55,128,74,122,44,131,89,162,54,71,36,297,42,333,252,234,186,165,78,180,12,264,15,291,0,237,327,228,420,69
Diptera,Empididae,0,0,0,0,0,0,0,0,0,0,1,2,1,1,5,2,0,2,1,0,0,2,2,1,2,0,2,0,0,1,0,1,3,0,1,0,0,1,2,0,1,0,1,1,0,0,1,1,1,1,2,2,0,0,0,1,0,0,0,0,0,0,5,4,0,1,0,0,1,0,0,0,0,0,4,0,1,0,4,0,0,0,0,0,0,0,0,0,0,1,2,0,0,0,0,2,0,3,2,0,0,10,1,1,0,2,0,0,1,0,0,1,2,3,0,0,1,0,0,0,2,0,0,0,0,0,0,0,0,0,0,0,0,0,0,0,1,0,0,0,0,0,0,0,0,0,1,0,0,0,0,0,0,0,0,1,0,0,1,0,0,1,1,0,0,0,0,0,0,0,0,1,0,0,0,0,0,0,0,0,0,0,0,0,6,1,0,4,3,2,2,2,2,2,1,9,2,6,2,6,5,8,4,10,4,5,3,10,3,1,1,5,1,0,2,7,6,5,1,9,1,2,8,0,1,4,0,7,5,5,5,0,4,1,2,1,7,1,0,5,0,6,1,7,0,14,5,22,1,24,5,10,4,7,1,6,7,1,1,0,6,0,0,1,0,0,0,0,0,0,0,0,0,0,1,0,0,0,5,0,1,5,0,0,1,1,2,0,0,1,0,4,0,0,0,0,0,0,6,0,0,0,0,0,0,0,0,3,0,0,0,0,0,0,0,0
Ephemeroptera,Ephemerellidae,15,12,12,0,37,10,18,16,7,9,34,37,34,9,17,32,9,41,18,45,20,17,15,30,10,12,34,14,15,5,32,6,4,24,19,6,9,10,11,11,23,3,18,2,35,17,10,54,52,13,108,56,3,23,0,3,70,4,6,3,27,11,39,11,31,11,122,7,141,21,58,0,69,2,80,44,107,0,100,110,14,53,29,37,25,14,21,13,20,44,68,2,99,0,1,0,0,3,1,0,0,18,0,5,0,3,0,0,0,0,0,14,0,63,3,41,2,0,3,2,1,0,0,0,0,0,0,0,0,0,0,0,0,0,0,0,0,0,0,0,0,0,0,0,0,0,1,0,0,0,0,2,1,1,0,0,0,1,1,0,0,0,3,0,0,1,0,0,0,1,0,0,0,0,0,0,0,0,0,0,0,0,0,1,0,4,15,4,7,0,2,2,8,1,8,1,13,0,2,1,0,0,1,1,17,1,0,0,0,13,28,1,21,3,28,6,5,2,91,6,27,6,54,1,16,1,8,1,6,0,6,1,19,60,2,2,0,0,16,4,1,3,0,11,21,2,1,0,34,1,46,0,15,0,18,4,21,5,40,63,1,12,34,2,0,0,0,13,0,0,14,0,16,0,33,0,3,0,5,0,11,0,8,0,13,0,109,0,99,0,27,2,2,1,0,10,6,0,48,0,0,0,3,0,3,0,9,0,78,36,36,0,6,0,3,0
Ephemeroptera,Ephemeridae,0,0,0,0,0,0,0,0,0,0,0,0,0,0,0,0,0,0,0,0,0,0,0,0,0,0,0,0,0,0,0,0,0,0,0,0,0,0,0,0,0,0,0,0,0,0,0,0,0,0,0,0,0,0,0,0,0,0,0,0,0,0,0,0,0,0,0,0,0,0,0,0,0,0,0,0,0,0,0,0,0,0,0,0,0,0,0,0,0,0,0,0,0,0,0,0,0,0,0,0,0,0,0,0,0,0,0,0,0,0,0,0,0,0,0,0,0,0,0,0,0,0,0,0,0,0,0,0,0,0,0,0,0,0,0,0,0,0,0,0,0,0,0,0,0,0,0,0,0,0,0,0,0,0,0,0,0,0,0,0,0,0,0,0,0,0,0,0,0,0,0,0,0,0,0,0,0,0,0,0,0,0,0,0,0,0,0,0,0,0,0,0,0,0,0,0,0,0,0,0,0,0,0,0,0,0,0,0,0,0,0,0,0,0,0,0,0,0,0,0,0,0,0,0,0,0,0,0,0,0,0,0,0,0,0,0,0,0,0,0,0,0,3,0,0,0,0,0,0,0,0,0,0,0,0,0,0,0,0,0,0,0,0,0,0,0,0,0,0,0,0,0,0,0,0,0,0,0,0,0,0,0,0,0,0,0,0,0,0,0,0,0,0,0,0,0,0,0,0,0,0,0,0,0,0,0,0,0,0,0,0,0,0,0,0,0
Diptera,Ephydridae,0,0,0,0,0,0,0,0,0,0,0,0,0,0,0,0,0,0,0,0,0,0,0,0,0,0,0,0,0,0,0,0,0,0,0,0,0,0,0,0,0,0,0,1,0,0,0,0,0,0,0,0,0,0,0,0,0,0,0,0,0,0,0,0,0,0,0,0,0,0,0,0,0,0,0,0,0,0,0,0,0,0,0,0,0,0,0,0,0,0,0,0,0,0,0,0,0,0,0,0,0,0,0,0,0,0,0,0,0,0,0,0,0,0,0,0,0,0,0,0,0,0,0,0,0,0,0,0,0,0,0,0,0,0,0,0,0,0,0,0,0,0,0,0,0,0,0,0,0,0,0,0,0,0,0,0,0,0,0,0,0,0,0,0,0,0,0,0,0,0,0,0,0,0,0,0,0,0,0,0,0,0,0,0,0,0,0,0,0,0,0,0,0,0,0,0,0,0,0,0,0,0,0,0,0,0,0,0,2,0,0,0,0,0,0,0,0,0,0,0,0,0,0,0,0,0,0,0,0,0,0,0,0,0,0,0,0,0,0,0,0,0,0,0,0,0,0,0,0,0,0,0,0,0,0,0,0,0,0,0,0,0,0,0,0,0,0,0,0,0,0,0,0,0,0,0,0,0,0,1,0,0,0,0,0,0,0,0,0,0,0,0,0,0,0,0,0,0,0,0,0,0,0,0,0,0,0,0,0,0,0,0,0,0,0,0
Gastropoda,Gastropoda,0,0,0,0,0,0,3,0,0,0,1,0,0,0,0,1,0,0,0,0,0,0,0,0,1,0,9,0,1,0,0,2,2,3,1,2,3,0,2,1,1,3,2,1,3,16,3,0,6,7,0,0,5,3,1,29,3,6,4,1,1,11,10,0,8,0,0,4,0,28,1,0,5,2,22,0,7,1,0,0,7,0,3,0,0,0,0,0,0,0,0,0,0,8,5,2,1,9,48,1,4,0,8,0,7,2,1,5,0,5,1,0,0,0,17,1,4,11,0,5,1,1,3,4,6,6,1,22,1,2,6,0,0,7,7,0,2,1,12,0,0,20,1,3,8,14,35,4,6,47,2,2,3,0,0,44,4,1,1,0,9,28,28,37,4,0,21,3,5,0,12,6,44,17,19,114,0,6,10,6,3,12,4,11,1,1,0,0,0,0,0,0,0,0,0,0,0,5,0,0,0,2,1,1,5,0,0,0,1,2,0,0,1,0,1,1,2,0,3,0,0,0,0,8,0,3,25,0,6,0,8,2,1,0,0,2,0,0,0,0,0,0,1,2,0,0,0,0,0,1,0,1,0,1,0,0,0,0,0,0,0,0,0,7,13,9,62,8,16,83,1,1,0,2,0,5,1,2,0,3,0,3,2,1,1,0,5,8,0,57,0,8,3,1,29,0,0,57,0,12,18,39,15,24,6,27,3,51,0,15,0,75,21,3,24,36
Trichoptera,Glossosomatidae,4,9,0,9,15,7,6,5,47,0,12,22,5,2,66,1,9,1,18,5,13,3,36,0,12,32,6,10,12,0,2,11,5,88,7,39,25,15,4,8,0,3,7,16,4,2,7,0,0,3,0,1,0,2,0,0,4,52,14,4,22,2,0,7,2,0,1,4,0,5,10,0,0,1,0,0,0,1,0,0,5,1,0,22,11,15,7,0,42,2,6,0,2,0,2,1,0,4,0,3,0,0,0,0,0,14,1,0,0,5,0,4,0,8,2,4,2,5,0,3,0,0,0,0,0,0,0,0,0,1,0,0,0,0,0,0,0,0,0,0,1,0,0,0,0,0,0,0,0,0,0,0,2,1,1,0,0,0,0,0,0,0,0,0,0,0,0,0,0,0,0,1,0,0,0,0,0,0,0,0,0,0,0,0,0,0,0,0,0,0,0,0,0,0,0,0,0,0,1,1,0,0,0,0,0,0,0,4,0,0,0,0,1,0,1,0,0,0,0,0,0,0,0,0,0,0,0,0,0,0,0,0,1,0,0,0,0,0,0,0,0,0,0,19,0,0,0,0,0,0,0,0,0,0,0,0,0,0,0,0,0,0,0,0,0,2,0,1,0,0,10,0,17,0,4,1,2,0,0,2,14,4,6,0,3,1,2,0,0,0,1,1,0,3,0,4,9,0,24,0,3,6,0,0,3,0,0,0,0,3,9,0,3,0,0,0
Odonata,Gomphidae,0,0,0,0,2,0,0,0,1,0,1,0,0,0,0,0,0,0,0,0,2,0,0,0,0,0,2,0,0,0,0,1,0,3,0,2,5,0,0,1,0,3,1,0,0,2,0,1,0,4,2,0,2,1,0,2,0,0,1,1,0,0,1,0,0,0,0,0,2,1,1,0,0,1,0,0,0,0,0,0,3,0,0,1,0,0,2,0,0,0,0,0,1,0,0,0,0,1,0,0,0,0,0,0,1,0,0,0,0,0,0,0,0,0,0,1,0,0,0,0,0,0,0,0,0,0,0,0,0,0,0,0,0,0,0,0,0,0,0,0,0,0,0,0,0,0,0,0,0,0,0,0,0,0,0,0,0,0,0,0,0,0,0,0,0,0,0,0,0,0,0,0,0,2,0,0,0,0,0,0,0,0,0,0,6,2,5,5,5,1,0,4,1,0,2,0,1,1,16,9,15,4,1,5,7,2,6,0,8,22,2,2,2,2,12,4,8,3,4,0,2,1,2,0,4,11,20,4,0,3,19,1,5,6,0,12,8,6,5,15,1,12,11,4,10,1,1,5,3,28,7,9,9,6,7,7,15,6,2,4,9,22,24,0,0,0,0,0,0,0,1,0,0,1,1,0,0,0,0,2,0,0,0,0,0,0,2,0,0,0,0,1,2,0,2,2,0,0,0,0,0,0,0,0,0,0,0,0,3,3,6,0,0,0,0,3
Coleoptera,Haliplidae,0,0,0,0,0,0,0,0,0,0,0,0,0,0,0,0,0,0,0,0,0,0,0,0,0,0,0,0,0,0,0,0,0,0,0,0,0,0,0,0,0,0,0,0,0,0,0,0,0,0,0,0,0,0,0,0,0,0,0,0,0,0,0,0,0,0,0,0,0,0,0,0,0,0,0,0,0,0,0,0,0,0,0,0,0,0,0,0,0,0,0,0,0,0,0,0,0,0,0,0,0,0,0,0,0,0,0,0,0,0,0,0,0,0,0,0,0,0,0,0,0,0,0,0,0,0,0,0,0,0,0,0,0,0,0,0,0,0,0,0,0,0,0,0,0,0,0,0,0,0,0,0,0,0,0,0,0,0,0,0,0,0,0,0,0,0,0,0,0,0,0,0,0,0,0,0,0,0,0,0,0,0,0,0,0,0,0,0,0,0,0,0,0,0,0,0,0,0,0,0,0,0,0,0,0,0,0,0,0,0,0,0,0,0,0,0,0,0,0,0,0,0,0,0,0,0,0,0,0,0,0,0,0,0,0,0,0,0,0,0,0,0,0,0,0,0,0,0,0,0,0,0,0,0,0,0,0,0,0,0,0,0,0,0,0,0,0,0,0,0,0,0,0,0,0,0,0,0,0,0,0,0,0,0,0,0,0,0,0,0,0,0,0,0,0,0,0,0,0,0,0,0,0,0,3,0,0,0,0,0,0,0,0,0,0,0
Trichoptera,Helicopsychidae,0,0,0,0,0,0,0,0,0,0,0,0,0,0,0,0,0,0,0,0,0,0,0,0,0,0,0,0,0,0,0,0,0,0,0,0,0,0,0,0,0,0,0,0,0,0,0,0,0,0,0,0,0,0,0,0,0,0,0,0,0,0,0,0,0,0,0,0,0,0,0,0,0,0,0,0,0,0,0,0,0,0,0,0,0,0,0,0,0,0,0,0,0,9,0,0,0,3,5,0,5,0,0,0,1,0,4,1,2,0,6,1,0,0,11,2,12,4,2,0,4,0,0,0,0,0,0,0,0,0,0,0,0,0,0,2,0,0,5,0,0,0,0,0,0,0,0,0,0,1,0,0,0,0,0,0,2,0,0,0,0,0,3,0,4,0,2,0,0,0,0,0,0,0,2,0,0,0,0,6,0,0,0,0,0,0,0,0,0,0,0,0,0,0,0,0,0,0,0,0,0,0,0,0,0,0,0,0,0,0,0,0,0,0,0,0,0,0,0,0,0,0,0,0,0,0,0,0,0,0,0,0,0,0,0,0,0,0,0,0,0,0,0,0,0,0,0,0,0,0,0,0,0,0,0,0,0,0,0,0,0,0,0,0,0,0,0,1,10,0,1,0,0,4,0,1,0,2,0,13,0,0,0,0,0,0,0,0,10,23,0,17,14,0,38,0,0,0,0,0,0,3,0,3,0,6,0,0,3,15,3,3,0,0,0,0
Ephemeroptera,Heptageniidae,103,78,101,0,105,103,128,198,106,28,53,199,169,170,122,146,141,168,143,169,132,139,42,87,95,107,139,69,55,79,71,88,142,172,130,88,141,80,95,88,54,91,86,100,117,165,216,61,114,15,122,33,10,35,73,1,41,9,14,5,46,8,32,6,11,16,95,16,58,15,58,7,76,35,58,58,93,43,52,14,3,10,59,43,88,237,50,65,27,113,145,0,68,6,2,1,0,3,0,2,1,36,0,16,1,6,17,3,3,13,7,8,1,38,17,116,62,84,14,7,3,0,4,0,0,0,0,0,1,0,0,2,0,0,0,0,0,0,0,0,0,0,1,0,0,0,0,0,0,0,0,0,0,1,0,0,0,6,0,0,0,1,0,1,4,0,0,0,0,0,0,8,0,3,0,0,1,0,0,1,0,1,1,0,1,15,11,5,3,10,1,50,36,19,4,9,2,0,8,1,4,4,1,9,13,10,0,0,1,8,3,1,20,12,7,3,13,15,25,26,13,10,0,0,8,4,12,4,8,14,3,12,2,10,0,0,5,5,20,39,12,43,67,59,47,46,29,26,13,0,10,14,10,11,12,25,9,8,4,37,7,1,10,7,6,6,0,2,0,0,11,0,2,2,11,0,1,6,2,0,5,4,6,0,4,2,27,4,36,12,40,5,2,61,6,40,15,3,24,3,15,0,12,0,9,0,15,0,99,0,144,0,0,12,0,0
Hirudunea,Hirudunea,0,0,0,0,0,0,0,0,0,0,0,0,0,0,0,0,0,0,0,0,0,0,0,0,0,0,0,0,0,0,0,0,0,0,0,0,0,0,0,0,0,0,0,0,0,0,0,0,0,0,0,0,0,0,0,0,0,0,0,0,1,0,0,0,0,0,0,0,0,0,0,0,0,0,0,0,0,0,0,0,0,0,0,0,0,0,0,0,0,0,0,0,0,0,0,0,0,0,0,0,0,0,0,0,0,0,0,0,0,0,0,0,0,0,0,0,0,0,22,0,0,0,0,0,4,0,0,1,1,0,0,0,0,0,0,1,0,0,3,0,1,0,0,0,0,0,0,0,0,1,3,0,1,0,0,0,0,0,0,0,0,0,0,0,2,0,0,0,0,0,0,0,3,0,0,0,0,0,0,0,0,0,2,0,0,0,0,0,0,0,0,0,0,0,0,0,0,0,0,0,0,0,0,0,0,0,0,0,2,0,0,0,0,0,0,0,0,0,0,0,0,0,0,0,0,0,0,0,0,0,0,0,0,0,0,0,0,0,0,0,0,0,0,0,0,0,0,0,0,0,0,0,0,0,0,0,0,0,0,0,0,0,0,0,0,0,0,0,0,0,1,0,0,0,0,0,0,0,0,0,0,0,0,0,0,0,0,0,0,0,0,0,0,0,0,0,0,0,0,0,0,0,0,0,0,0,0,0,0,0,0,0,0,0,3,0
Coleoptera,Hydraenidae,0,0,0,0,0,0,0,0,0,0,0,0,0,0,0,0,0,0,0,0,0,0,0,0,0,0,0,0,0,0,0,0,0,0,0,0,0,0,0,0,0,0,0,0,0,0,0,0,0,0,0,0,0,0,0,0,0,0,0,0,0,0,0,0,0,1,0,0,0,0,0,0,0,0,0,0,0,0,0,0,0,0,0,0,0,0,0,0,0,0,0,0,0,0,0,0,0,0,0,0,0,0,0,0,0,0,0,0,0,0,0,0,0,0,0,0,0,0,0,0,0,0,0,0,0,0,0,0,0,0,0,0,0,0,0,0,0,0,0,0,0,0,0,0,0,0,0,0,0,0,0,0,0,0,0,0,0,0,0,0,0,0,0,0,0,0,0,0,0,0,0,0,0,0,0,0,0,0,0,0,0,0,0,0,0,0,0,0,0,0,0,0,0,1,0,0,1,0,0,0,0,0,0,0,0,0,0,0,0,0,0,0,0,0,0,0,0,0,0,1,0,0,0,0,0,0,0,0,0,0,0,0,0,0,0,0,0,0,0,0,0,0,0,0,0,1,0,0,0,0,0,0,0,0,0,0,0,0,0,0,0,0,0,0,0,0,0,0,0,0,0,0,0,0,0,0,0,0,1,0,0,0,0,0,0,0,0,0,0,0,0,0,0,0,0,0,0,0,0,0,0,0,0,0,0,0,0,0,0,0,0,0,0,0,0,0
Coleoptera,Hydrophilidae,0,0,0,0,0,0,0,0,0,0,0,0,0,0,0,0,0,0,0,0,0,0,0,0,0,0,0,0,0,0,0,0,0,0,0,0,0,0,0,0,0,0,0,0,0,0,0,0,0,0,0,0,0,0,0,0,0,0,0,0,0,0,0,0,0,0,0,0,0,0,0,0,0,0,0,0,0,0,0,0,0,0,0,0,0,0,0,0,0,0,0,0,0,0,0,0,0,0,0,0,0,0,0,0,0,0,0,0,0,0,0,0,0,0,0,0,0,0,0,0,0,0,0,0,0,0,0,0,0,0,0,0,0,0,0,0,0,0,0,0,0,0,0,0,0,0,0,0,0,0,0,0,0,0,0,0,0,0,0,0,0,0,0,0,0,0,0,0,0,0,0,0,0,0,0,0,0,0,0,0,0,0,0,0,0,0,0,0,1,1,0,0,0,0,0,0,0,0,0,0,0,0,0,0,0,0,0,0,1,0,0,0,0,0,0,0,0,0,0,0,0,0,0,0,0,0,0,0,0,0,0,0,0,0,0,0,0,0,0,0,0,0,0,0,0,0,0,0,0,0,0,0,0,0,0,0,0,0,0,0,0,0,0,0,0,0,0,0,0,0,0,0,0,0,0,0,0,0,0,0,0,0,0,0,0,0,0,0,0,0,0,0,0,13,0,2,0,0,0,0,0,0,0,0,0,0,0,0,0,0,0,0,0,0,0,0
Trichoptera,Hydropsychidae,14,5,13,19,44,13,65,7,24,2,33,7,24,5,17,7,48,12,34,5,23,7,6,20,2,20,28,12,13,5,26,2,54,11,41,31,48,1,36,19,85,3,34,4,8,0,15,19,24,0,38,29,1,6,0,1,19,5,69,7,144,9,174,4,117,13,111,6,62,3,100,3,120,0,130,9,57,5,54,47,0,48,21,19,3,25,7,14,8,88,40,2,30,50,4,19,27,98,14,200,82,66,75,30,68,119,93,100,71,48,69,3,132,9,105,35,106,172,30,70,64,100,51,70,17,166,142,65,41,84,18,81,71,137,89,114,100,116,6,4,16,22,57,74,46,38,5,115,23,64,30,40,13,136,28,124,27,53,64,55,11,76,15,100,29,83,42,38,59,57,23,72,2,42,63,77,49,93,20,143,53,112,58,21,3,2,4,0,10,1,25,7,18,1,29,0,13,1,5,2,0,0,4,1,9,1,1,2,0,6,5,4,28,0,26,0,19,3,14,6,24,0,17,0,1,3,2,0,3,2,2,1,5,2,0,0,3,10,46,9,37,8,84,15,7,5,53,1,23,1,22,0,41,1,15,4,12,5,6,25,2,1,4,8,5,29,5,3,4,6,29,36,159,44,56,73,13,26,15,31,123,107,72,177,104,164,4,35,7,43,8,7,13,18,17,21,222,54,102,300,294,153,84,186,156,111,9,57,96,78,21,123,57,21,72,24
Trichoptera,Hydroptilidae,0,0,0,0,0,0,0,0,0,0,2,0,0,0,0,0,0,0,1,1,0,5,0,0,0,0,0,2,1,1,1,0,3,0,2,2,0,5,4,0,7,0,5,0,0,0,0,2,0,1,4,4,0,0,0,0,0,0,0,0,0,0,0,1,0,0,0,0,0,0,1,0,0,0,0,6,0,4,0,0,0,0,0,0,0,0,3,0,0,0,0,0,0,17,0,12,3,47,3,2,0,0,19,0,17,14,2,20,3,5,11,0,1,1,6,0,0,1,1,13,9,8,0,3,2,0,3,5,10,0,0,0,0,21,72,12,20,7,18,0,4,21,5,5,30,115,41,0,10,8,9,3,8,3,11,26,15,5,8,0,19,20,36,13,49,5,13,8,18,7,2,34,21,8,38,20,2,13,36,11,30,28,40,24,0,0,0,0,0,0,0,0,0,0,0,0,0,1,0,0,1,0,0,0,0,0,0,0,0,0,0,0,3,2,0,3,9,0,1,0,2,1,2,2,0,3,3,12,1,0,0,0,0,0,0,0,2,0,0,1,0,1,0,0,0,0,0,1,0,0,3,3,1,0,1,0,0,0,0,0,0,0,0,21,22,31,70,8,8,3,1,0,7,0,2,2,0,4,0,1,0,0,7,0,2,14,0,25,0,1,1,0,0,0,1,0,0,12,0,21,6,24,0,45,0,60,0,60,0,3,0,15,27,39,24,21
Ephemeroptera,Isonychiidae,0,0,0,0,0,0,0,0,0,0,0,0,0,0,0,0,0,0,0,0,0,0,0,0,0,0,0,0,2,0,0,0,0,0,0,0,0,0,0,0,0,0,0,0,0,0,0,0,0,0,0,0,0,0,0,0,0,0,0,0,0,0,0,0,0,0,0,0,0,0,0,0,0,0,0,0,0,0,0,0,0,0,0,0,0,0,0,0,0,0,0,0,0,0,0,0,0,0,0,0,0,0,0,0,0,0,0,0,0,0,0,0,0,0,0,0,0,0,0,0,0,0,0,0,0,0,0,0,0,0,0,0,0,0,0,0,0,0,0,0,0,0,0,0,0,0,0,0,0,0,0,0,0,0,0,0,0,0,0,0,0,0,0,0,0,0,0,0,0,0,0,0,0,0,0,0,0,0,0,0,0,0,0,0,0,0,0,0,0,0,0,0,0,0,0,0,0,0,0,0,0,0,0,0,0,0,0,0,0,0,0,0,0,0,0,0,0,0,0,0,0,0,0,0,0,0,0,0,0,0,0,0,0,0,0,0,0,0,0,0,0,0,0,0,0,0,0,0,0,0,0,0,0,0,0,0,0,0,0,0,0,0,0,0,0,0,0,0,0,0,0,0,0,0,0,0,0,0,0,0,0,0,0,0,0,0,0,0,0,0,0,0,0,0,0,0,0,0,0,0,0,0,0,0,0,0,0,0,0,0,0,0,0,0,0,0
Isopoda,Isopoda,0,0,0,0,0,0,0,0,0,0,0,0,0,0,0,0,0,0,0,0,0,0,0,0,0,0,0,0,0,0,0,0,0,0,0,0,0,0,0,0,0,0,0,0,0,0,0,0,0,0,0,0,0,0,0,0,0,0,0,0,0,0,0,0,0,0,0,0,0,0,0,0,0,0,0,0,0,0,0,0,0,0,0,0,0,0,0,0,0,0,0,0,0,0,0,0,0,0,0,0,0,0,0,0,0,0,0,0,0,0,0,0,0,0,0,0,0,0,0,0,0,0,0,0,0,0,0,0,0,0,0,0,0,0,0,0,0,0,0,0,0,0,0,0,0,0,0,0,0,0,0,0,0,0,0,0,0,0,0,0,0,0,0,0,0,0,0,0,0,0,0,0,0,0,0,0,0,0,0,0,0,0,0,0,0,0,0,0,0,0,0,0,0,0,0,0,0,0,0,0,0,0,0,0,0,0,0,0,0,0,0,0,0,0,0,0,0,0,0,0,0,0,0,0,0,0,0,0,0,0,0,0,0,0,0,0,0,0,0,0,0,0,0,0,0,0,0,0,0,0,0,0,0,0,0,0,0,0,0,0,0,0,0,0,0,0,0,0,0,0,0,0,0,0,0,0,0,0,0,0,0,0,0,0,0,0,0,0,0,0,0,0,0,0,0,0,0,0,0,0,0,0,0,0,0,0,0,0,0,0,0,0,0,0,0,0
Trichoptera,Lepidostomatidae,0,0,1,0,2,0,2,0,53,3,103,1,0,0,2,2,17,15,9,2,70,5,8,16,3,0,1,0,0,0,0,0,1,0,3,2,0,0,1,19,6,2,14,0,9,4,9,28,25,37,56,30,2,7,0,0,2,2,3,0,0,0,0,1,9,2,8,13,18,0,43,0,29,0,48,2,48,0,62,73,0,11,2,3,0,4,0,19,22,21,37,23,20,0,0,0,0,0,0,0,0,0,0,0,0,2,0,4,0,2,0,0,0,0,0,1,0,0,1,0,0,0,0,0,0,0,0,0,0,0,0,0,0,0,0,0,0,0,0,0,0,0,0,0,0,0,0,0,0,0,0,0,0,0,0,0,0,2,0,0,0,0,0,0,0,0,0,0,0,0,0,0,0,1,0,0,0,0,0,0,0,0,0,0,0,2,1,2,6,2,5,2,0,5,5,15,5,12,7,3,28,4,0,2,13,0,48,0,0,8,2,0,1,2,10,7,2,0,0,0,3,0,0,5,15,5,42,1,2,2,17,0,23,18,1,11,0,0,0,0,1,0,0,1,0,4,0,0,2,0,1,2,0,2,0,0,19,0,10,4,4,4,7,0,0,0,0,0,0,0,0,6,1,0,16,1,5,1,1,3,2,2,10,0,2,7,2,8,2,18,7,11,4,4,6,45,0,0,6,0,0,0,12,0,3,0,3,0,6,0,6,0,0,0,0,0
Trichoptera,Leptoceridae,0,0,0,0,0,0,0,0,0,0,0,0,0,0,0,0,0,0,0,0,0,0,0,0,0,0,0,0,0,0,0,0,0,0,0,0,0,0,0,0,0,0,0,0,0,0,0,0,0,0,0,0,2,0,0,0,0,0,0,0,0,0,0,0,0,0,0,0,0,0,0,0,0,0,0,0,0,0,0,0,0,0,0,0,0,0,3,0,0,0,0,0,9,0,0,1,0,7,0,0,1,0,0,0,1,1,0,2,0,1,0,0,0,0,1,0,4,3,6,0,15,1,0,0,0,0,0,0,0,0,0,0,0,0,0,0,1,0,0,0,0,0,0,4,0,1,0,0,0,4,0,2,0,0,0,0,0,0,1,0,1,0,0,1,1,0,0,0,0,0,0,1,2,0,0,0,1,0,1,0,0,0,0,0,0,0,0,0,0,0,0,0,0,0,0,0,0,0,1,0,2,1,0,0,0,0,0,0,0,1,0,0,0,0,0,0,0,0,0,0,0,0,0,0,0,0,3,0,0,0,3,0,0,0,0,0,0,0,0,0,0,0,3,0,0,0,0,0,0,0,0,0,0,0,0,0,0,0,0,0,0,0,0,0,0,1,0,1,0,0,0,0,0,0,0,0,0,0,0,0,0,0,1,0,0,0,0,1,0,2,0,7,3,0,4,0,0,0,0,0,0,0,0,0,0,0,0,0,0,15,66,60,6,0,0,6
Ephemeroptera,Leptohyphidae,0,0,0,0,2,0,0,0,0,0,1,0,0,0,0,0,0,0,0,0,0,0,0,0,1,0,6,0,1,0,0,0,0,0,0,0,0,0,0,0,0,0,0,0,0,0,0,0,0,0,0,0,0,1,0,0,2,0,0,0,3,0,3,0,4,0,0,0,0,0,0,0,0,0,0,0,0,0,0,0,0,0,0,3,0,7,0,3,2,0,0,31,6,39,2,3,11,23,35,6,7,0,26,0,38,2,73,49,12,17,24,3,25,2,36,1,48,116,62,120,138,20,3,28,18,7,10,87,16,10,40,15,8,25,41,11,63,25,36,5,19,10,51,0,5,12,13,21,45,23,0,11,12,21,8,24,19,20,10,9,17,33,133,65,20,14,11,5,8,1,24,8,62,167,40,4,3,13,7,8,8,30,9,0,1,0,0,0,0,0,0,0,0,0,0,0,1,0,0,0,0,0,0,0,0,0,0,0,0,0,0,0,0,0,0,0,0,0,2,0,0,0,0,0,0,0,1,0,0,0,0,0,0,4,0,0,1,0,0,0,0,0,0,0,0,0,0,0,0,0,0,0,0,0,0,0,0,0,0,0,0,1,0,4,1,4,3,2,17,3,1,3,0,0,0,5,0,13,0,0,0,0,1,13,0,2,0,63,0,11,2,28,23,0,48,0,0,51,0,21,21,90,216,18,6,27,6,261,9,243,21,738,156,24,57,27
Ephemeroptera,Leptophlebiidae,3,14,2,0,6,3,7,0,35,10,39,7,21,3,8,2,10,12,7,2,30,11,12,17,0,0,2,1,4,7,10,0,1,1,16,5,1,2,12,6,9,6,13,11,5,20,12,13,16,5,26,14,26,15,15,0,0,0,0,0,0,1,0,0,0,0,0,0,1,0,0,0,0,0,3,0,3,0,0,0,0,0,0,0,3,17,0,0,2,8,15,24,15,0,0,0,0,1,0,0,0,0,0,0,0,0,0,0,0,11,0,0,0,0,0,1,0,1,1,24,0,0,0,0,0,0,0,0,0,0,0,0,0,0,0,0,0,0,0,0,0,0,0,0,0,0,0,0,0,0,0,11,0,0,0,0,0,0,0,0,0,0,0,0,0,1,0,0,0,0,0,0,0,0,0,0,0,0,0,0,0,0,0,0,0,0,5,1,5,0,0,0,0,0,7,0,0,0,0,0,1,0,0,0,2,0,0,0,0,16,0,0,4,0,2,0,3,0,0,0,0,0,2,1,4,3,2,0,0,0,1,0,0,0,0,0,1,0,2,0,4,0,0,3,9,0,2,0,3,0,16,1,7,3,2,0,4,0,2,23,3,9,29,0,0,0,0,2,0,0,0,0,0,0,2,1,0,1,0,2,0,5,0,1,1,9,0,10,1,20,0,14,7,0,6,21,0,0,0,3,0,3,3,0,0,0,6,6,0,6,6,3,0,18,0,0
Plecoptera,Leuctridae,4,0,0,0,2,2,1,0,3,1,3,0,0,0,1,0,0,0,0,0,3,2,1,3,0,0,0,0,0,0,1,0,0,0,1,0,0,0,0,2,0,0,0,0,0,0,0,0,1,4,0,1,0,0,0,0,0,0,0,0,0,0,0,0,0,0,0,0,0,0,0,0,0,0,0,0,0,0,0,0,0,0,0,0,0,0,0,0,0,0,0,0,0,0,0,0,0,0,0,0,0,0,0,0,0,0,0,0,0,0,0,0,0,0,0,0,0,0,0,0,0,0,0,0,0,0,0,0,0,0,0,0,0,0,0,0,0,0,0,0,0,0,0,0,0,0,0,0,0,0,0,0,0,0,0,0,0,0,0,0,0,0,0,0,0,0,0,0,0,0,0,0,0,0,0,0,0,0,0,0,0,0,0,0,1,0,0,0,0,0,0,0,0,0,1,2,1,2,0,1,0,0,0,1,0,0,0,0,0,9,1,0,0,1,0,0,0,0,0,0,2,2,0,0,4,0,2,2,2,0,0,1,0,2,0,2,0,0,0,0,3,0,0,1,3,0,1,10,2,1,3,3,0,0,1,0,9,1,0,3,1,2,0,0,0,0,0,0,0,0,0,0,0,0,0,0,0,0,0,0,0,0,0,0,0,0,0,0,0,0,1,0,0,0,0,0,0,0,0,0,0,0,0,0,0,0,0,0,0,0,0,0,0,0,6,0
Odonata,Libellulidae,0,0,0,0,0,0,0,0,0,0,0,0,1,0,0,0,0,0,0,0,0,0,0,0,0,0,0,0,0,0,0,0,0,0,0,0,0,0,0,0,0,0,0,0,0,0,0,0,0,0,0,0,0,0,0,0,0,0,0,0,0,0,0,0,0,0,0,0,0,0,0,0,0,0,0,0,0,0,0,0,0,0,0,0,0,0,0,0,0,0,0,0,0,0,0,0,0,0,0,0,3,0,0,0,0,0,0,0,0,0,0,0,0,0,0,1,0,0,0,0,0,0,0,0,0,0,0,0,2,1,0,0,0,1,1,0,2,0,1,0,0,1,0,0,0,0,1,0,0,0,0,0,2,0,0,0,3,0,0,0,0,0,0,0,5,0,0,0,2,0,0,0,2,0,4,0,0,0,1,0,0,0,0,0,0,0,0,0,0,0,0,0,0,0,0,0,0,0,0,0,0,0,0,0,0,0,0,0,1,0,0,0,0,0,0,0,0,0,0,0,0,0,0,0,0,0,0,0,0,0,0,0,0,0,0,2,0,0,0,0,0,0,0,0,0,0,0,0,0,0,0,0,0,0,0,0,0,0,0,0,0,0,0,0,2,0,1,0,1,0,0,0,0,1,0,0,0,0,0,1,0,0,0,1,0,0,0,0,0,0,0,0,0,0,0,0,0,0,0,12,0,3,0,0,3,3,0,0,0,0,0,0,0,0,9,0
Trichoptera,Limnephilidae,0,0,0,0,3,8,4,0,0,0,1,12,0,3,0,10,0,4,0,4,8,4,0,1,3,0,0,0,0,0,0,0,1,15,0,18,12,13,7,14,0,3,4,23,6,8,6,5,1,10,10,0,12,7,0,7,0,1,0,0,0,0,0,1,0,0,0,0,0,0,0,0,0,0,0,0,0,0,0,0,1,0,0,2,0,0,3,0,27,0,0,0,0,0,0,0,0,0,0,0,0,2,0,0,0,0,0,0,0,0,0,0,0,0,0,0,0,0,0,0,0,0,0,0,0,0,0,0,0,0,0,0,0,0,0,0,0,0,0,0,0,1,0,0,0,0,0,0,0,0,0,0,0,0,0,0,0,0,0,0,0,0,0,0,0,0,0,0,0,0,0,2,0,0,0,0,0,0,0,0,0,0,0,0,1,0,0,1,0,1,0,0,0,0,0,12,1,0,0,0,0,0,0,0,0,0,0,0,0,0,0,1,0,0,0,0,0,0,0,7,0,0,0,0,0,1,0,0,0,0,0,1,0,0,0,1,0,0,0,0,0,0,0,6,0,0,0,0,0,1,0,4,0,2,0,1,0,0,4,0,0,0,0,0,0,0,0,0,0,0,1,0,0,0,0,0,0,0,0,0,0,0,0,0,0,0,0,0,0,0,1,0,0,0,0,0,0,0,0,0,0,3,0,0,0,0,0,0,0,0,0,0,0,0,0,0
Hemiptera,Naucoridae,0,0,0,0,0,0,0,0,0,0,0,0,0,0,0,0,0,0,0,0,0,0,0,0,0,0,0,0,0,0,0,0,0,0,0,0,0,0,0,0,0,0,0,0,0,0,0,0,0,0,0,0,0,0,0,0,0,0,0,0,0,0,0,0,0,0,0,0,0,0,0,0,0,0,0,0,0,0,0,0,0,0,0,0,0,0,0,0,0,0,0,0,0,1,0,0,0,2,1,9,0,0,0,0,1,0,0,5,0,5,1,0,0,0,1,0,0,0,0,9,0,2,0,1,1,3,0,9,0,1,0,2,0,4,1,12,0,2,0,0,0,0,2,0,0,2,0,0,0,22,0,2,0,3,0,7,0,0,0,0,0,4,1,14,0,6,0,3,0,0,0,1,1,5,1,2,0,6,1,3,0,9,0,0,0,0,0,0,0,0,0,0,0,0,0,0,0,0,0,0,0,0,0,0,0,0,0,0,0,0,0,0,0,0,0,0,0,0,0,0,0,0,0,0,0,0,0,0,0,0,0,0,0,0,0,0,0,0,0,0,0,0,0,0,0,0,0,0,0,0,0,0,0,0,0,0,0,0,0,0,0,0,0,0,0,0,0,0,0,0,0,0,0,0,0,0,0,0,0,0,0,0,0,0,0,0,0,0,0,0,0,0,0,0,0,0,0,0,0,0,12,0,24,0,0,0,0,3,0,0,3,0,3,12,3,0
Nematoda,Nematoda,0,0,0,0,0,0,2,1,0,0,1,0,0,0,1,1,0,1,0,3,1,4,0,1,0,0,0,0,0,0,1,0,0,0,2,0,0,2,0,0,1,0,0,0,0,2,0,0,0,0,0,0,0,0,0,0,0,1,0,0,0,0,0,3,0,0,0,3,0,2,0,2,0,2,0,1,0,3,0,0,0,0,0,1,0,0,2,0,0,0,0,0,0,0,0,0,0,0,0,0,0,0,0,0,1,0,0,0,1,0,0,0,0,0,0,0,0,0,0,0,0,0,0,0,0,0,0,0,0,0,0,0,0,0,0,1,0,0,0,0,1,0,0,0,1,0,0,0,0,0,0,0,0,1,0,0,0,0,0,0,0,0,0,0,0,0,1,0,0,0,0,0,0,0,0,0,0,0,0,0,0,0,0,1,3,0,0,0,0,6,0,7,0,0,1,2,0,1,1,0,2,4,3,1,1,0,0,1,0,2,0,0,0,2,0,2,0,2,0,0,3,0,0,0,0,3,1,1,1,0,0,0,0,2,0,0,0,0,1,0,0,1,0,0,0,1,2,1,0,1,1,1,0,2,0,1,0,0,0,0,0,0,0,0,0,0,0,0,0,0,0,0,0,0,0,0,0,0,0,0,0,0,1,0,0,0,0,0,0,0,0,0,0,0,0,0,0,0,3,3,0,6,0,0,0,0,0,3,0,0,0,0,0,0,0,0
Nematomorpha,Nematomorpha,0,0,0,0,0,0,0,0,0,0,0,0,0,0,0,0,0,0,0,0,0,0,0,0,0,0,0,0,0,0,0,0,0,0,0,0,0,0,0,0,0,3,0,0,0,0,0,0,0,0,0,0,0,0,0,1,0,0,0,0,0,0,0,0,0,0,0,0,0,0,0,0,0,0,0,0,0,0,0,0,0,0,0,0,0,0,0,0,0,0,0,0,0,0,0,0,0,0,0,0,0,0,0,0,0,0,0,0,0,0,0,0,0,0,0,0,0,0,0,0,0,0,0,0,0,0,0,0,0,0,0,0,0,0,0,0,1,0,0,0,0,0,0,0,0,0,0,0,0,0,0,0,0,0,1,0,0,0,0,0,0,0,0,0,0,0,0,0,0,0,0,0,0,0,0,0,0,0,0,0,0,0,0,0,0,0,0,0,0,0,0,0,0,0,0,0,0,0,0,0,0,0,0,0,0,0,0,0,0,0,0,0,0,0,0,0,0,0,0,0,0,0,0,0,0,0,0,0,0,0,0,0,0,0,0,0,0,0,0,0,0,0,0,0,0,0,0,0,0,0,0,0,0,0,0,0,0,0,0,0,0,0,0,0,0,0,0,0,0,0,0,0,0,0,0,0,0,0,0,0,0,0,0,0,0,0,0,0,0,0,0,0,0,0,0,0,0,0,0,0,0,0,0,0,0,0,0,0,0,0,0,0,0,0,0,0
Nemertea,Nemertea,0,0,0,0,0,0,0,0,0,0,1,0,0,1,0,1,0,1,2,0,1,0,1,2,0,0,5,0,0,0,0,0,0,0,0,2,0,0,0,0,0,0,0,0,0,0,0,0,0,0,0,0,0,0,0,0,0,0,0,0,0,0,0,1,8,0,5,0,1,2,4,0,0,0,0,0,0,0,0,0,0,0,0,0,0,0,0,1,0,0,0,0,0,0,0,0,0,0,1,0,0,2,2,0,3,0,5,0,1,1,1,0,0,0,10,0,28,10,17,5,0,0,0,0,0,0,0,0,0,0,0,0,0,0,0,0,0,0,3,0,0,0,0,0,2,0,2,1,0,0,0,0,0,0,0,0,1,0,0,0,0,0,11,0,6,1,4,0,0,0,2,0,3,0,0,0,0,0,3,0,0,0,1,0,0,0,0,0,0,1,2,1,1,0,0,0,0,0,0,0,0,0,2,0,1,0,0,0,0,0,0,0,1,0,0,0,0,0,0,0,0,0,0,0,1,0,0,0,1,0,0,0,0,1,0,0,0,0,0,0,0,0,0,0,0,0,0,2,0,0,0,0,0,1,1,0,0,0,0,0,2,0,2,1,1,9,0,18,0,0,0,14,0,1,0,0,0,2,0,0,0,1,0,4,0,0,1,6,0,0,0,0,1,9,16,1,0,81,0,0,3,6,3,6,0,3,0,6,0,0,0,15,15,0,12,6
Plecoptera,Nemouridae,2,1,9,0,7,4,21,22,13,4,0,4,7,13,6,33,26,12,11,1,7,6,12,6,11,4,2,0,3,12,5,28,33,12,28,25,5,10,9,21,30,22,15,4,9,26,32,37,34,12,74,18,15,6,0,0,1,0,0,0,0,0,0,0,0,5,0,2,1,1,2,0,1,1,6,0,1,0,3,1,0,2,0,0,0,1,0,0,0,0,0,0,2,0,0,0,0,0,0,0,0,0,0,0,4,1,0,0,0,0,0,0,0,2,0,0,0,0,0,0,0,0,0,0,0,0,0,0,0,0,0,0,0,0,0,0,0,0,0,0,0,0,0,0,0,0,0,0,0,0,0,0,0,0,0,0,0,0,0,0,0,0,0,0,0,0,0,0,0,0,0,0,0,0,0,1,0,0,0,0,0,0,0,0,2,0,1,7,0,0,8,9,14,1,15,3,14,3,0,2,1,0,0,4,12,4,0,2,0,12,1,10,7,18,13,7,64,38,26,10,38,2,18,4,6,3,7,6,7,4,5,5,25,6,2,11,18,13,40,63,22,24,105,42,39,33,108,30,64,23,53,16,13,16,7,9,20,6,39,40,20,3,3,0,0,0,0,0,0,0,5,0,0,0,2,0,0,0,2,0,0,0,2,0,11,0,5,0,5,1,4,0,0,0,0,0,6,0,0,0,0,0,6,0,0,0,0,0,3,0,0,0,0,0,0,0
Trichoptera,Odontoceridae,0,0,0,0,0,1,0,0,0,0,0,0,0,0,0,0,0,0,0,0,0,0,0,0,0,0,0,3,0,0,0,0,0,0,0,0,0,0,0,0,0,0,0,0,0,0,0,0,0,0,0,0,0,0,0,0,0,0,0,0,0,0,0,0,0,0,0,0,0,0,0,0,0,0,0,0,0,0,0,0,0,0,0,0,0,0,0,0,0,0,0,0,0,1,0,0,0,0,0,0,0,0,0,0,0,0,0,0,0,0,0,0,0,0,0,0,0,0,0,0,0,0,0,0,0,0,0,0,0,0,0,0,0,0,0,0,0,0,0,0,0,0,0,0,0,0,0,0,0,0,0,0,0,0,0,0,0,0,0,0,0,0,0,0,0,0,0,0,0,0,0,0,0,0,1,1,0,0,0,0,0,0,0,0,1,0,0,0,0,0,0,0,0,0,0,0,0,0,0,0,0,0,0,0,0,0,0,0,0,0,0,0,0,0,1,0,0,0,0,0,0,0,0,0,0,0,0,0,0,0,0,0,0,0,0,0,0,0,0,0,0,0,0,0,0,0,0,0,0,0,0,0,0,0,0,0,0,0,0,0,0,0,0,0,0,0,0,0,0,0,1,1,0,11,0,2,0,0,0,3,1,2,0,0,0,0,0,0,2,2,1,0,0,2,1,13,0,3,0,3,3,18,0,0,0,24,0,6,3,9,0,30,78,0,18,0
Oligochaeta,Oligochaeta,22,2,4,4,71,5,30,3,47,2,15,6,4,6,27,9,8,24,0,7,18,42,33,12,7,2,12,20,3,4,8,11,4,15,18,14,3,26,14,5,4,13,13,20,60,53,2,14,10,5,28,16,21,9,18,40,1,19,16,14,2,33,0,26,6,117,4,31,1,55,9,19,8,46,18,24,14,15,4,2,11,8,7,2,11,2,2,4,5,0,9,2,36,10,0,24,1,22,4,17,4,8,3,7,1,18,5,9,0,40,7,11,0,37,7,5,20,13,34,9,11,1,0,1,1,3,2,0,0,0,16,5,0,0,0,1,9,4,73,6,2,48,4,3,10,82,70,11,12,4,0,4,1,4,1,25,4,8,7,0,5,91,60,10,0,0,29,1,0,17,52,24,48,4,2,5,3,4,7,4,5,7,2,8,29,18,10,114,69,14,162,12,115,28,83,74,81,60,118,56,103,80,150,21,81,32,11,6,5,76,16,19,2,27,3,86,115,1,17,6,72,23,45,40,89,53,56,34,178,7,176,17,22,53,0,12,19,17,3,10,11,49,72,9,56,15,11,27,10,4,9,58,10,58,73,3,36,7,23,39,10,124,48,13,14,19,29,24,13,8,5,6,4,3,9,29,8,9,13,6,0,8,13,10,1,5,2,20,4,19,10,44,62,0,78,16,9,219,12,15,15,291,33,30,0,15,18,30,33,78,78,453,150,87,177,108
Ostracoda,Ostracoda,0,0,0,0,0,0,0,0,0,0,0,0,0,0,0,0,0,0,0,0,0,0,0,0,0,0,0,0,0,0,0,0,0,0,0,0,0,0,0,0,0,0,0,0,1,0,0,2,0,0,4,0,0,0,0,0,0,0,0,0,0,0,44,0,0,0,0,0,0,0,0,0,0,0,0,0,0,0,1,0,0,0,0,0,0,0,0,0,0,0,0,0,2,0,0,0,0,0,0,0,0,0,0,0,0,0,0,0,0,0,0,0,0,0,0,0,0,0,0,0,2,0,0,0,20,0,0,0,0,0,0,0,0,0,0,0,0,0,0,0,0,0,0,0,0,0,0,0,0,0,0,0,0,0,0,0,0,0,0,0,16,0,5,0,0,0,0,0,1,0,1,0,1,0,0,0,0,0,0,0,3,0,0,0,0,0,0,0,0,0,0,0,0,0,0,0,0,0,0,0,0,0,0,0,0,0,0,0,1,0,0,0,0,1,0,0,0,0,0,0,0,0,0,0,0,0,1,0,0,0,0,0,0,0,0,0,0,0,0,0,0,0,0,0,0,0,0,0,0,2,0,0,0,0,0,0,0,0,0,0,0,0,0,0,6,0,0,0,2,15,0,0,0,0,0,0,0,0,0,0,0,0,0,0,1,0,0,0,0,0,0,0,0,0,0,0,0,0,0,0,0,0,0,0,0,45,0,0,0,0,0,0,3,0,0,3
Pelecypoda,Pelecypoda,0,0,0,0,0,0,1,0,0,0,0,0,0,0,0,0,1,3,0,2,2,0,0,0,3,0,0,0,0,0,0,1,0,5,0,7,1,0,0,16,0,2,1,1,4,17,1,3,2,5,6,2,14,9,19,0,0,2,0,2,0,0,7,1,0,0,0,1,0,0,0,6,1,1,3,2,0,1,2,0,2,1,0,0,5,0,0,0,0,0,0,0,5,0,0,1,0,0,0,1,0,0,0,0,0,0,1,0,0,1,0,2,0,1,1,1,0,1,2,0,1,1,0,0,0,0,0,0,1,0,0,0,0,0,0,1,7,0,4,0,0,1,4,1,0,0,10,4,0,0,0,0,0,0,0,1,1,2,0,0,3,1,0,1,0,0,1,0,0,1,0,0,1,0,3,0,0,0,0,0,0,0,1,0,0,0,0,0,0,0,0,0,1,0,0,0,0,0,1,0,6,0,2,0,3,3,0,0,3,15,0,0,0,0,0,0,1,0,0,0,0,0,0,0,0,0,1,0,0,0,44,0,1,0,0,1,0,0,0,0,0,0,0,0,0,0,0,0,0,0,0,0,0,0,0,1,1,1,1,0,0,1,0,0,1,0,1,6,1,1,1,0,0,0,0,0,0,0,0,0,0,0,1,0,0,1,0,0,1,4,1,0,0,0,2,4,0,18,0,0,3,0,3,0,0,0,3,0,0,48,0,6,3,6,0,0
Plecoptera,Peltoperlidae,0,0,0,0,1,0,0,0,0,0,0,0,0,0,1,1,0,0,0,1,0,0,0,0,0,2,0,0,12,0,0,0,0,0,0,0,0,0,0,0,1,0,0,0,0,0,0,0,0,0,0,0,0,0,0,0,0,0,0,0,0,0,0,0,0,0,0,0,0,0,0,0,0,0,0,0,1,0,0,0,0,0,0,0,0,0,0,0,0,0,0,0,0,0,0,0,0,0,0,0,0,0,0,0,0,0,0,0,0,0,0,0,0,0,0,0,0,0,0,0,0,0,0,0,0,0,0,0,0,0,0,0,0,0,0,0,0,0,0,0,0,0,0,0,0,0,0,0,0,0,0,0,0,0,0,0,0,0,0,0,0,0,0,0,0,0,0,0,0,0,0,0,0,0,0,0,0,0,0,0,0,0,0,0,0,0,0,0,0,0,0,0,0,0,0,0,0,0,0,0,0,0,0,0,0,0,0,0,0,0,0,0,0,0,0,0,0,0,0,0,0,0,0,0,0,0,0,0,0,0,0,1,0,0,0,0,0,0,0,0,0,0,0,0,0,0,0,0,0,0,0,2,0,0,0,0,0,0,0,0,0,0,0,0,0,0,0,0,0,0,0,0,0,0,0,0,0,0,0,0,0,0,0,0,0,0,0,0,0,0,0,0,0,0,0,0,0,0,0,0,0,0,0,0,0,0,0,0,0,0,0,0,0,0,54,0
Plecoptera,Perlidae,3,1,5,0,2,10,6,31,3,10,10,28,9,53,4,18,11,15,7,21,5,11,14,20,8,5,11,16,8,17,0,6,9,7,13,21,15,34,28,28,11,18,19,14,5,4,6,9,3,9,18,9,2,5,0,0,3,0,0,0,0,0,0,7,0,2,1,3,2,1,0,6,0,0,0,0,0,0,0,3,0,0,0,3,0,1,1,0,17,2,1,0,1,4,0,0,0,1,0,8,0,20,2,7,1,15,3,4,1,5,3,3,1,4,0,8,0,0,0,4,0,0,0,0,0,0,0,0,0,0,0,0,0,0,0,0,0,0,0,0,0,0,0,1,0,0,0,0,0,0,0,0,0,0,0,0,0,0,0,0,0,0,0,0,0,2,1,0,0,1,0,1,0,0,0,0,0,0,0,0,0,0,0,0,2,1,0,1,0,0,0,2,1,0,0,0,0,0,0,2,0,0,0,2,0,0,0,6,1,0,1,1,5,2,0,0,4,4,3,8,8,7,0,1,1,0,1,1,2,2,2,4,6,3,0,0,5,1,6,1,7,0,5,21,16,12,14,8,4,5,5,0,5,3,0,0,5,1,2,0,1,0,2,0,0,0,0,0,0,0,18,4,33,12,25,6,22,11,51,19,33,20,15,12,13,19,32,10,30,13,29,2,7,12,4,0,33,18,36,0,75,3,141,3,24,24,3,12,12,3,12,3,0,15,18,6
Plecoptera,Perlodidae,0,3,1,1,2,1,0,0,0,1,2,0,5,0,5,0,2,0,1,0,5,0,4,21,0,13,12,0,0,0,6,0,3,4,2,8,6,0,15,0,4,0,5,0,5,0,4,0,13,0,44,23,0,5,0,0,1,0,0,1,1,0,6,0,2,0,10,0,4,1,11,0,7,1,4,0,5,6,3,0,5,8,2,0,0,10,4,0,5,26,4,2,15,0,0,0,0,2,0,0,0,3,0,3,0,0,0,0,0,0,0,0,0,0,0,1,0,12,0,2,0,0,0,0,0,0,0,0,0,0,0,0,0,0,0,0,0,1,0,0,0,0,0,0,0,0,0,0,0,0,0,0,0,0,0,0,0,1,0,1,0,1,0,0,0,0,0,0,0,0,0,1,0,0,0,0,0,0,0,1,0,0,0,0,0,0,0,0,0,1,0,0,0,4,0,0,0,0,0,0,1,0,0,0,0,2,0,1,2,0,0,0,1,0,0,0,0,0,1,0,0,0,4,0,1,0,0,0,1,0,0,0,1,4,0,0,0,1,0,0,0,1,0,4,1,0,0,0,0,0,0,0,0,0,0,0,0,0,0,0,0,0,0,2,0,0,0,0,0,0,0,0,0,0,0,0,0,1,0,0,0,0,0,0,0,0,0,0,1,0,0,0,0,0,0,0,3,0,0,15,0,0,0,0,3,0,0,0,0,0,0,0,0,0,0,0
Trichoptera,Philopotamidae,0,0,7,62,7,5,0,11,8,0,0,1,0,1,12,12,15,10,6,0,24,0,5,11,2,3,6,0,0,0,0,0,0,0,8,0,0,1,0,0,0,0,0,0,0,0,0,0,0,0,0,0,0,1,0,0,0,0,0,0,0,0,0,0,0,0,0,0,0,1,0,0,0,0,0,0,0,0,0,0,0,0,0,14,0,0,5,1,4,8,0,2,4,1,0,0,3,0,6,6,5,2,15,2,0,36,22,28,46,12,13,0,111,0,27,14,20,31,14,40,28,0,0,0,0,0,0,0,0,0,1,6,1,35,21,3,58,6,20,15,3,3,21,14,31,0,18,36,1,0,0,0,1,0,16,0,1,1,10,11,6,18,3,6,3,14,30,1,34,3,0,2,0,2,14,0,13,2,2,0,26,3,6,2,0,0,0,0,0,0,0,0,0,0,0,0,0,0,0,0,0,0,0,0,0,0,0,3,0,0,0,1,0,0,0,0,0,0,0,0,0,0,0,0,0,0,0,0,1,0,0,2,0,0,1,0,0,0,0,0,0,0,0,0,0,0,0,0,0,0,0,0,1,0,0,0,1,0,0,2,3,0,0,1,5,4,0,3,0,2,1,0,2,0,0,0,0,0,0,0,1,0,3,0,9,2,0,0,0,0,2,0,0,3,0,0,24,9,15,261,210,69,39,102,159,84,0,168,0,123,0,51,96,9,15,0
Trichoptera,Polycentropodidae,4,2,0,0,0,0,0,0,0,0,1,0,0,0,0,0,0,0,0,0,0,0,0,0,0,0,0,0,0,0,0,0,0,0,0,1,0,0,0,0,0,1,0,0,0,0,0,0,0,0,0,0,0,0,0,0,0,0,0,0,0,0,0,0,0,0,0,0,0,0,0,0,0,0,0,0,0,0,0,0,0,0,0,0,0,0,0,0,0,0,0,0,0,3,3,0,1,0,0,1,1,0,0,0,1,0,0,4,0,1,2,0,1,0,0,0,0,0,1,6,5,0,0,0,0,0,0,0,1,0,0,0,0,0,0,0,0,0,2,0,0,0,0,0,0,0,5,3,1,0,3,0,0,0,0,0,0,0,0,0,0,1,0,0,3,0,1,0,0,0,0,0,1,3,0,0,1,0,0,0,0,0,0,0,2,0,2,0,2,0,0,0,0,0,0,0,0,0,1,0,3,0,0,0,0,0,4,0,0,0,0,0,0,0,0,0,1,0,0,0,0,0,1,0,0,0,2,0,0,0,0,0,1,0,0,0,0,0,0,0,0,0,0,1,1,0,0,0,0,0,1,0,0,0,1,0,5,0,0,3,0,1,0,1,0,0,0,3,0,0,0,0,0,0,0,0,0,0,1,0,0,0,0,0,0,1,0,1,0,0,0,1,0,2,0,0,0,9,0,0,0,0,30,3,0,3,0,12,0,3,0,0,0,6,21,0
Coleoptera,Psephenidae,0,0,0,0,0,0,0,1,0,0,0,0,0,0,1,3,1,0,0,2,0,1,0,0,0,1,2,0,0,1,0,0,0,0,0,0,0,0,0,0,0,0,0,0,0,0,0,0,0,0,0,0,0,0,1,0,0,0,0,0,1,0,1,0,0,0,0,0,0,0,0,0,0,1,0,0,0,0,0,0,0,0,0,3,22,21,5,20,3,29,15,7,13,2,3,1,2,3,0,11,9,16,2,2,11,9,18,0,6,1,12,4,4,4,19,19,6,13,0,0,4,0,0,2,1,1,0,0,1,0,0,0,3,3,4,2,14,0,28,1,2,5,10,4,14,2,24,6,2,0,0,0,1,2,1,1,3,2,1,4,5,0,11,7,8,3,11,1,10,4,5,3,12,21,10,0,1,0,4,1,1,2,2,2,0,0,0,0,0,0,0,0,0,0,0,0,0,0,1,0,0,0,0,0,1,0,0,0,0,0,0,0,0,0,0,0,0,0,0,0,0,0,0,0,1,0,0,0,0,0,0,0,0,0,0,0,0,0,0,0,0,0,0,1,0,0,0,0,0,0,0,0,0,0,0,0,0,0,0,0,0,0,0,0,0,3,1,0,0,0,3,6,3,23,4,5,1,6,1,4,0,1,4,0,1,5,1,1,4,8,3,7,9,0,4,0,6,33,0,42,39,75,30,15,9,15,18,87,24,48,24,78,0,36,90,48
Diptera,Psychodidae,0,0,0,0,0,0,0,0,0,0,0,0,0,0,0,0,0,1,0,0,2,0,0,0,0,7,0,0,0,0,0,0,0,0,0,0,0,0,0,0,0,0,0,0,0,0,0,0,0,0,0,0,0,0,0,0,0,0,0,0,0,0,0,0,0,0,0,0,0,0,0,0,0,2,1,0,0,0,0,1,2,0,0,0,0,0,0,0,0,0,0,0,0,0,0,0,0,0,1,0,0,0,0,0,0,7,0,0,0,0,0,0,1,0,0,1,0,0,0,3,0,0,0,0,0,0,0,1,0,0,0,0,0,1,0,0,0,0,0,0,0,1,0,0,0,0,0,0,2,0,0,0,0,0,0,0,0,0,0,0,1,0,0,0,0,0,0,0,0,0,0,0,0,0,0,0,0,0,0,0,0,0,0,1,0,0,0,0,0,0,0,0,0,0,0,0,0,5,0,0,0,0,1,0,0,0,0,0,0,0,0,0,0,0,0,0,0,0,0,0,0,0,0,0,0,0,0,0,0,0,0,0,0,0,0,0,0,0,0,0,0,0,0,0,0,0,0,0,0,4,0,0,0,0,0,0,0,0,0,0,0,3,1,0,2,0,0,0,0,0,0,0,0,0,0,0,0,0,0,0,0,0,0,0,0,0,0,0,0,0,0,0,0,0,0,0,0,0,0,0,24,0,0,0,6,3,0,0,0,0,0,0,3,0,0,0
Trichoptera,Psychomyiidae,0,0,0,0,0,0,0,0,0,0,0,0,0,0,0,0,0,0,0,0,0,0,0,0,0,0,0,0,0,0,0,0,0,0,0,0,0,0,0,0,0,0,0,0,0,0,0,0,0,0,0,0,0,0,0,0,0,0,0,0,0,0,0,0,0,0,0,0,0,0,0,0,0,0,0,0,0,0,0,0,0,0,0,0,0,0,0,0,0,0,0,0,0,0,0,0,0,0,0,0,0,0,0,0,0,0,0,0,0,0,0,0,0,0,0,0,0,0,0,0,0,0,0,0,0,0,0,0,0,0,0,0,0,0,0,0,0,0,2,0,0,0,0,0,0,0,0,0,0,0,0,0,0,0,0,0,0,0,0,0,0,0,0,0,0,0,0,0,0,0,0,0,0,0,0,0,0,0,0,0,0,0,0,0,0,0,0,1,0,0,0,1,0,0,0,0,0,0,5,1,2,0,2,1,0,0,0,0,0,0,0,0,0,0,0,0,0,0,0,0,0,0,0,0,0,0,0,0,0,0,0,0,0,0,0,0,0,0,0,2,0,0,0,1,0,0,0,0,0,0,0,0,2,0,0,0,0,0,0,0,0,0,0,0,0,0,0,0,0,0,0,0,0,0,0,0,0,0,0,0,0,0,0,0,0,0,0,0,0,0,0,0,0,0,0,0,0,0,0,0,0,0,0,0,0,0,0,0,0,6,0,0,0,3,0,0
Plecoptera,Pteronarcyidae,0,0,0,0,0,0,0,0,0,0,0,0,0,1,0,0,1,1,0,0,0,0,0,0,0,0,0,0,0,0,0,1,1,0,0,0,0,0,0,0,4,0,1,1,0,1,0,22,0,0,0,0,0,0,0,0,0,0,0,0,0,0,0,1,0,0,0,1,0,0,0,0,0,0,0,0,0,0,0,0,0,0,0,0,0,0,0,0,0,0,0,0,0,0,0,0,0,0,0,0,0,2,0,0,0,0,0,0,0,0,0,0,0,0,0,0,0,0,0,2,0,0,0,0,0,0,0,0,0,0,0,0,0,0,0,0,0,0,0,0,0,0,0,0,0,0,0,0,0,0,0,0,0,0,0,0,0,0,0,0,0,0,0,0,0,0,0,0,0,0,0,0,0,0,0,0,0,0,0,0,0,0,0,0,0,0,0,0,0,0,0,3,1,1,0,1,0,0,0,0,0,1,0,1,0,0,0,0,0,0,2,0,0,1,0,0,3,1,0,0,2,1,4,0,1,0,0,0,0,0,2,0,1,0,0,0,0,0,0,1,0,3,1,1,0,1,0,1,0,1,0,0,0,0,0,0,0,0,0,0,0,0,0,0,0,0,0,0,0,0,0,0,0,0,0,0,0,0,0,0,0,0,0,0,0,0,0,0,0,0,0,0,0,0,0,0,0,0,0,0,0,0,0,0,0,0,0,0,0,0,0,0,0,0,3,0
Coleoptera,Ptilodactylidae,0,0,0,0,0,0,0,0,0,0,0,0,0,0,0,0,0,0,0,0,0,0,0,0,0,0,0,0,0,0,0,0,0,0,0,0,0,0,0,0,0,0,0,0,0,0,0,0,0,0,0,0,0,0,0,0,0,0,0,0,0,0,0,0,0,0,0,0,0,0,0,0,0,0,0,0,0,0,0,0,0,0,0,0,0,0,0,0,1,1,0,0,0,0,0,0,0,0,0,0,0,0,0,0,0,0,0,0,0,0,0,0,0,0,1,0,0,0,14,0,0,0,0,0,0,0,0,0,0,0,0,0,0,0,0,0,0,0,0,0,0,0,0,0,0,0,0,0,0,0,0,0,0,0,0,0,0,0,0,0,0,0,0,0,0,0,0,0,0,0,0,0,0,0,0,0,0,0,0,0,0,0,0,0,0,0,0,0,0,0,0,0,0,0,0,0,0,0,0,0,0,0,0,0,0,0,1,0,0,0,0,0,0,0,0,0,0,0,0,0,0,0,0,0,0,0,0,0,0,0,0,0,0,0,0,0,0,0,0,0,0,0,0,0,0,0,0,0,1,3,0,0,0,0,0,0,0,0,0,0,0,0,0,0,0,0,0,0,0,0,0,0,0,0,0,0,0,0,0,1,0,0,1,0,0,0,1,0,0,2,0,0,0,0,1,0,3,0,0,0,0,0,0,0,0,0,0,6,0,0,0,0,0,3,3,0
Lepidoptera,Pyralidae,0,0,0,0,0,0,0,0,0,0,0,0,0,0,0,0,0,0,0,0,0,2,0,0,0,0,0,0,0,0,0,0,0,0,0,0,0,0,0,0,0,1,0,0,0,0,0,0,0,0,0,0,0,0,0,0,0,0,0,0,0,0,0,0,0,0,0,0,0,0,0,0,0,0,0,0,0,0,0,0,0,0,0,0,0,0,0,0,0,0,0,0,0,0,0,0,0,1,3,0,6,0,0,0,5,4,2,0,1,0,2,0,2,1,2,0,0,2,1,10,7,1,1,0,4,1,1,2,3,0,5,0,3,0,17,4,2,6,4,0,2,2,23,2,9,15,5,2,0,0,0,1,0,3,2,1,7,1,1,0,2,0,26,1,0,2,3,2,0,1,5,6,0,7,7,1,0,3,1,7,0,2,2,0,0,0,0,0,0,0,0,0,0,0,0,0,1,0,0,0,0,0,0,0,0,0,0,0,0,0,0,0,0,0,0,0,0,0,0,0,0,0,0,1,0,0,0,0,0,0,0,0,0,0,0,0,0,0,0,0,0,0,0,0,0,0,0,0,0,0,0,0,0,0,0,0,0,0,0,0,0,0,0,1,3,5,6,0,2,0,0,0,0,0,1,0,1,1,0,0,0,0,3,0,0,5,0,4,0,1,0,14,2,0,0,0,0,12,0,3,24,39,0,3,0,3,0,54,0,3,18,27,0,3,0,0
Trichoptera,Rhyacophilidae,3,1,1,7,2,5,9,13,2,1,2,1,8,6,5,3,5,2,6,5,2,7,3,13,4,3,0,4,2,9,3,8,4,8,1,7,5,13,2,10,1,12,5,4,4,5,1,1,7,4,2,4,1,1,0,1,3,1,0,5,8,5,1,5,2,12,2,9,0,17,3,9,4,0,0,5,0,3,7,4,8,6,3,0,0,1,4,1,3,0,0,5,0,0,0,0,0,0,1,0,0,4,1,2,0,0,0,0,0,0,0,0,0,0,0,0,0,0,0,0,0,0,0,0,0,0,0,0,0,0,0,0,0,0,0,0,0,0,0,0,0,0,0,0,0,0,0,0,0,0,0,0,0,1,0,0,0,1,0,0,0,0,0,0,0,0,0,0,0,0,0,0,0,1,0,1,1,0,0,0,0,0,0,0,24,5,0,2,3,2,3,28,5,10,4,3,3,8,2,6,0,0,0,1,1,3,5,22,0,0,0,2,0,4,0,0,0,13,0,23,1,3,2,0,3,2,0,2,1,3,0,4,2,5,0,2,14,4,7,16,4,4,6,8,18,22,12,17,1,4,7,4,7,3,7,12,9,5,1,14,1,1,0,0,0,0,1,0,0,1,2,0,6,0,1,1,3,0,5,1,3,0,4,0,4,1,1,1,3,2,2,0,1,1,0,3,0,0,0,0,0,0,0,0,0,0,0,0,0,3,0,0,0,0,0,0
Trichoptera,Sericostomatidae,0,0,0,0,0,0,0,0,12,2,19,1,0,0,0,0,0,1,0,0,3,0,3,3,5,0,3,0,0,1,0,1,0,0,0,0,0,0,1,0,1,0,0,0,0,1,0,1,0,0,2,0,2,1,0,0,0,0,0,0,0,2,0,0,0,0,0,0,1,1,0,0,0,0,0,0,0,0,0,0,0,0,0,0,0,0,0,0,3,2,0,0,5,0,0,0,0,0,0,0,0,0,0,0,0,0,0,0,0,0,0,0,0,0,0,0,0,0,0,0,0,0,0,0,0,0,0,0,0,0,0,0,0,0,0,0,0,0,0,0,0,0,0,0,0,0,0,0,0,0,0,0,0,0,0,0,0,0,0,0,0,0,0,0,0,0,0,0,0,0,0,0,0,0,0,0,0,0,0,0,0,0,0,0,0,1,0,0,0,0,0,1,0,1,4,0,0,0,3,0,3,0,0,2,0,3,9,0,0,1,0,0,0,3,0,1,0,0,0,0,4,0,10,0,0,1,0,2,0,0,3,3,6,16,0,3,0,0,0,4,0,1,0,2,12,1,0,5,0,11,24,11,13,8,4,1,31,1,8,2,2,5,4,0,0,0,0,0,0,0,0,0,0,0,0,0,0,0,0,0,0,0,0,0,0,0,0,1,2,10,0,13,0,3,0,29,0,0,0,0,0,0,0,0,0,0,0,0,0,0,0,0,0,0,93,0
Megaloptera,Sialidae,0,0,0,0,0,0,0,0,2,0,2,0,0,0,0,0,0,0,0,1,0,0,0,1,1,0,3,0,0,10,0,0,0,1,0,0,0,0,0,0,0,1,0,0,0,10,0,4,10,5,8,10,8,12,0,2,0,0,0,0,0,0,1,0,0,0,0,0,0,0,0,0,0,0,0,0,0,1,0,0,1,0,0,0,0,0,0,0,0,0,0,3,1,0,0,0,0,0,0,0,0,0,0,0,0,0,0,0,0,1,0,0,0,0,0,0,0,0,0,3,0,0,0,0,0,0,0,0,0,0,0,0,0,0,0,0,0,0,0,0,0,0,0,0,0,0,0,0,0,0,0,0,0,0,0,0,0,0,0,0,0,0,0,0,0,0,0,0,0,0,0,0,0,0,0,0,0,0,0,0,0,0,0,0,2,0,3,0,4,1,0,0,0,0,0,0,0,1,3,0,10,0,0,0,3,0,3,5,1,0,0,1,1,0,3,0,0,0,1,0,0,0,0,0,0,2,0,0,0,1,5,0,2,0,0,0,2,1,0,0,0,0,0,0,0,0,0,0,0,1,1,1,1,0,0,0,8,0,1,0,2,7,13,0,0,0,0,0,0,0,0,0,0,0,0,0,0,0,0,0,0,0,0,0,0,0,0,0,0,0,3,0,0,0,0,0,0,3,0,0,0,0,0,0,0,0,0,0,6,3,0,0,0,0,0,0
Diptera,Simuliidae,0,0,10,1,0,9,35,2,5,0,1,0,31,50,18,2,38,1,56,12,7,0,0,16,2,87,0,39,2,27,34,26,41,35,9,41,47,35,46,23,47,152,17,1,8,1,38,0,7,1,0,6,2,49,59,9,0,96,9,312,9,195,25,126,17,219,23,113,6,49,24,190,0,36,37,9,8,6,0,27,27,28,32,44,13,0,171,7,2,4,3,8,8,15,71,5,56,2,18,3,51,464,70,223,6,24,10,2,191,13,11,104,30,25,5,1,414,18,0,7,8,4,75,5,85,36,81,14,62,143,38,95,339,9,54,4,100,14,110,417,172,13,62,42,157,1,0,19,217,1,101,12,47,83,58,48,224,106,113,157,240,20,4,10,27,100,52,64,192,77,157,98,3,3,14,14,108,99,9,45,65,44,31,344,40,39,8,105,41,0,196,50,71,4,9,53,3,53,23,0,20,23,9,39,1,49,1,46,19,55,6,43,37,40,10,23,18,81,9,47,11,157,8,8,20,3,1,34,6,60,0,61,3,1,0,0,11,34,8,38,15,35,3,49,16,115,2,58,4,27,42,12,19,169,69,70,11,27,0,27,18,9,5,2,66,268,3,1,112,21,0,31,7,9,1,37,68,38,115,62,42,18,47,18,71,22,34,47,21,15,15,0,19,3,8,39,618,27,168,30,15,3,105,459,579,81,903,3,75,3,0,12,51,0,9,12
Ephemeroptera,Siphlonuridae,0,0,0,0,0,0,0,0,0,0,0,0,0,0,0,0,0,0,0,0,0,0,0,0,0,0,0,0,0,0,0,0,0,0,0,0,0,0,0,0,0,0,0,0,0,0,0,0,0,0,0,0,0,0,0,0,0,0,0,0,0,0,0,0,0,0,0,0,0,0,0,0,0,0,0,0,0,0,0,0,3,0,0,0,0,0,0,0,0,0,0,24,0,0,0,0,0,0,0,0,0,0,0,0,0,0,0,0,0,0,0,1,0,0,0,0,0,0,0,0,0,0,0,0,0,0,0,0,0,0,0,0,0,0,0,0,0,0,0,0,0,0,0,0,0,0,0,0,0,0,0,0,0,0,0,0,0,0,0,0,0,0,0,0,0,0,0,0,0,0,0,0,0,55,0,0,0,0,0,0,0,0,0,0,0,0,0,0,0,0,0,0,0,0,0,0,0,0,0,0,0,0,0,0,0,0,0,0,1,0,0,0,0,0,0,0,0,0,0,0,0,0,0,0,0,0,0,0,0,0,0,0,0,0,0,0,0,0,0,0,0,0,0,0,0,0,0,0,0,0,0,0,0,0,0,0,0,0,0,0,0,0,0,0,0,0,0,19,0,0,0,0,0,0,0,0,0,0,0,0,0,0,0,0,0,0,0,0,0,0,0,0,0,1,0,0,0,0,0,0,0,0,0,0,0,0,6,0,0,0,0,0,0,0,0,0
Diptera,Stratiomyidae,0,0,0,0,0,0,0,0,0,0,0,0,0,0,0,0,0,0,0,0,0,0,0,0,0,0,0,0,0,0,0,0,0,0,0,0,0,0,0,0,0,0,0,0,0,0,0,0,0,0,0,0,0,0,0,0,0,0,0,0,0,0,0,0,0,0,0,0,0,0,0,0,48,0,0,0,0,0,0,0,0,0,0,0,0,0,0,0,0,0,0,0,0,2,0,0,0,0,0,0,0,0,0,0,0,0,0,0,0,0,0,0,0,0,0,0,0,0,0,0,0,0,0,0,0,0,0,0,0,0,0,0,0,0,0,0,1,0,0,0,0,0,0,0,0,0,0,0,0,0,0,0,0,0,0,0,0,0,1,0,0,0,0,0,0,0,1,0,0,0,0,0,0,0,0,0,0,0,0,0,0,0,0,0,0,0,0,0,0,0,0,0,1,0,0,0,0,0,0,0,0,0,1,0,0,0,0,0,0,2,0,0,0,0,0,0,0,0,0,0,0,0,0,0,0,0,0,0,0,0,0,0,0,0,0,0,0,0,0,0,0,0,0,0,0,0,0,0,0,0,0,0,0,0,0,0,0,0,0,0,0,0,0,0,0,0,0,0,0,0,0,0,0,0,0,0,0,0,0,0,0,0,0,0,0,0,0,0,0,0,0,0,0,0,0,0,0,0,0,0,0,0,0,0,0,0,0,0,0,0,0,0,0,0,0,0
Diptera,Tabanidae,0,0,0,0,0,0,1,0,0,0,0,0,0,0,0,0,0,0,0,0,0,0,0,0,0,0,0,0,0,0,0,0,0,0,0,0,0,0,0,0,0,0,0,0,0,0,0,0,0,0,0,0,0,0,0,0,0,0,0,0,0,0,0,0,0,0,0,0,0,0,0,0,0,1,0,0,0,0,0,0,0,0,0,0,0,0,0,0,0,0,0,0,0,0,0,0,0,0,1,0,0,0,0,0,0,0,0,0,0,0,0,0,0,0,0,0,0,0,0,0,0,0,0,0,0,0,0,0,0,0,0,0,0,0,0,0,0,0,0,0,0,0,0,0,0,0,0,0,0,0,0,0,0,0,0,0,0,0,0,0,0,0,0,0,0,0,0,0,0,0,0,0,0,0,0,0,0,0,0,0,0,0,0,0,0,0,0,0,0,0,0,0,0,0,0,0,0,2,0,0,0,0,0,0,0,0,0,0,0,0,0,0,0,0,0,0,0,0,1,0,0,0,0,0,1,0,0,0,0,1,0,0,0,0,0,0,0,0,0,0,0,0,0,0,0,0,0,0,0,2,0,1,1,0,0,0,0,0,0,0,0,0,0,0,0,0,0,0,0,0,0,0,0,0,1,0,0,0,0,0,0,0,1,0,0,1,0,0,0,0,0,0,0,0,0,0,0,0,0,0,0,0,0,0,0,0,0,0,0,0,0,0,0,0,0,0
Diptera,Tipulidae,2,0,0,0,0,0,0,2,0,2,0,2,1,0,0,2,0,0,0,0,0,0,1,2,1,0,0,2,0,0,1,1,1,2,0,1,3,0,1,0,1,0,1,0,0,2,0,1,0,0,2,1,1,1,1,0,3,6,2,5,3,1,3,2,9,1,1,9,0,2,2,19,1,8,4,2,2,16,15,2,7,5,0,1,0,1,2,0,1,0,2,2,5,0,0,1,3,0,1,1,0,0,1,0,0,1,0,2,0,2,0,0,0,1,0,1,0,4,6,2,1,1,0,0,0,0,0,0,0,0,0,0,0,0,0,0,1,1,0,0,0,5,0,0,0,0,0,0,0,0,0,0,0,0,0,1,0,0,0,0,0,0,0,1,0,2,0,7,0,7,0,1,1,1,3,1,0,0,0,0,0,4,0,0,4,0,0,0,1,1,2,2,1,2,3,3,2,6,2,15,2,2,24,0,43,5,5,7,0,1,2,0,3,2,0,1,0,2,7,2,3,1,4,1,2,9,6,4,7,0,1,9,0,7,25,10,3,0,0,0,0,2,0,1,0,6,1,3,0,4,2,3,0,1,11,0,2,5,2,1,2,8,4,0,1,9,0,1,1,2,0,0,4,0,1,0,1,1,2,2,9,23,4,0,1,0,3,0,10,1,8,41,2,0,0,2,0,0,0,3,0,0,0,0,0,0,0,0,0,0,0,0,66,0,0,0
Turbellaria,Turbellaria,0,0,2,0,1,1,6,0,0,3,1,4,0,1,0,2,3,4,0,0,4,5,0,3,0,0,1,0,0,1,0,4,11,2,2,6,13,6,0,0,2,4,5,6,9,6,6,3,2,3,6,5,0,2,1,0,0,0,0,0,0,0,0,0,0,0,0,0,0,0,2,5,3,3,14,1,2,0,0,1,0,0,0,1,0,6,1,0,2,2,2,0,0,0,0,2,2,3,18,0,5,0,3,0,5,0,0,0,3,6,13,0,5,0,6,2,20,10,10,0,2,4,30,25,6,3,12,30,27,4,54,12,2,19,11,36,107,11,25,9,22,18,35,5,0,8,4,2,0,14,0,10,16,5,14,11,13,0,49,15,7,9,9,5,16,1,1,1,7,0,4,1,1,1,13,1,0,0,0,0,13,0,14,0,0,0,0,0,0,0,0,0,0,0,0,0,0,0,0,0,0,0,0,0,0,0,0,3,0,1,0,0,0,0,0,0,0,0,0,0,1,0,0,0,0,0,0,0,0,0,0,0,0,1,0,0,0,0,0,0,0,0,0,2,1,0,0,0,0,0,0,0,0,0,0,0,0,0,0,0,3,1,0,3,3,12,1,14,17,0,0,0,0,4,1,2,0,7,0,5,1,3,0,11,2,0,4,1,0,1,1,1,3,0,0,6,3,45,3,0,9,15,42,39,9,6,0,15,0,0,3,9,9,0,63,0
Trichoptera,Uenoidae,0,0,0,0,0,0,0,0,0,0,0,0,0,5,0,0,0,0,1,0,0,0,0,0,0,0,0,0,0,0,0,0,0,0,0,0,0,0,0,0,0,0,0,0,0,0,0,0,0,0,0,0,0,0,0,0,0,0,0,0,0,0,0,0,0,0,0,0,0,0,0,0,0,0,0,0,0,0,0,0,0,0,0,0,0,0,0,0,0,0,0,0,0,0,0,0,0,0,0,0,0,0,0,0,0,0,0,0,0,0,0,0,0,0,0,0,0,0,0,0,0,0,0,0,0,0,0,0,0,0,0,0,0,0,0,0,0,0,0,0,0,0,0,0,0,0,0,0,0,0,0,0,0,0,0,0,0,0,0,0,0,0,0,0,0,0,0,0,0,0,0,0,0,0,0,0,0,0,0,0,0,0,0,0,0,0,0,0,0,0,0,0,0,0,0,0,0,0,0,0,0,0,0,0,0,0,0,0,0,0,0,0,0,0,0,0,0,0,0,0,0,0,0,0,0,0,0,0,0,0,0,1,0,0,0,0,0,0,0,0,0,0,0,0,0,0,0,0,0,0,0,0,0,0,0,0,0,0,0,0,0,0,0,0,0,0,0,0,0,0,0,0,0,0,0,0,0,0,0,0,0,0,0,0,0,0,0,0,0,0,0,0,0,0,0,0,0,0,0,0,0,0,0,0,0,0,0,0,0,0,0,0,0,0,0,0
Unknown,Unknown,0,6,0,0,0,0,0,0,0,0,0,0,0,0,2,1,0,1,4,0,4,1,0,0,5,0,1,0,9,0,0,0,0,0,0,1,0,0,0,12,0,0,0,0,0,3,3,2,1,1,4,0,3,2,0,0,21,0,0,0,0,0,0,0,0,0,0,0,0,11,0,0,1,0,1,1,0,0,0,0,4,0,3,0,2,3,0,0,0,4,0,1,9,0,0,0,0,0,0,0,0,0,2,0,0,4,2,20,0,0,0,0,0,2,0,0,0,0,0,3,0,0,0,0,0,0,0,0,0,0,0,0,0,0,0,0,0,0,0,0,0,0,0,0,3,0,0,0,0,0,2,0,0,0,0,0,0,0,0,4,0,0,0,0,16,0,0,2,0,0,0,0,0,10,0,0,0,1,0,0,0,0,0,0,0,0,0,0,2,0,0,0,0,0,0,0,0,0,0,2,0,0,0,1,0,0,0,473,1,1,1,1,0,0,0,0,0,0,0,0,0,0,0,0,0,1,0,0,0,0,0,0,3,0,0,0,0,1,0,0,1,0,0,0,0,0,0,0,0,0,0,1,0,0,0,2,0,0,0,0,484,0,0,0,0,0,0,15,0,0,2,0,0,0,0,0,1,0,0,0,0,0,1,0,0,0,0,0,0,0,0,0,0,0,1,0,0,0,0,0,0,0,0,0,0,0,0,0,0,0,0,0,0,0,12,0
Hemiptera,Veliidae,0,0,0,0,0,0,0,0,0,0,0,0,0,0,0,0,0,0,0,0,0,0,0,0,1,0,0,0,0,0,0,0,0,0,0,0,0,0,0,0,0,0,0,0,0,0,0,0,0,0,0,0,0,0,0,0,0,0,0,0,0,0,0,0,0,0,0,0,0,0,0,0,0,0,0,0,0,0,0,0,0,0,0,0,0,0,0,0,0,0,0,1,0,0,0,0,0,0,0,0,0,0,0,0,0,0,0,0,0,0,0,0,0,0,0,0,0,0,0,1,0,0,0,0,0,0,0,0,0,0,0,0,0,0,0,0,0,0,0,0,0,0,0,0,0,0,0,0,0,0,0,0,0,0,0,0,0,0,0,0,0,0,0,0,0,0,0,0,0,0,0,0,0,0,0,0,0,0,0,0,0,0,0,0,0,0,0,0,0,0,0,0,0,0,0,0,0,0,0,0,0,0,0,0,0,0,0,0,0,0,0,0,0,0,0,0,0,0,0,0,0,0,0,0,0,0,0,0,0,0,0,0,0,0,0,0,0,0,0,0,0,0,0,0,0,0,0,0,0,0,0,0,0,0,0,0,0,0,0,0,0,0,0,0,0,0,0,0,0,0,0,0,0,0,0,0,0,0,0,0,0,0,0,0,0,0,0,0,0,0,0,0,0,0,0,0,0,0,0,0,0,0,0,0,0,0,0,0,0,0,0,0,0,0,0,0
number,number,294,145,327,248,509,312,494,518,469,139,497,493,505,496,405,503,501,506,501,507,509,473,289,489,453,509,448,290,192,300,297,500,497,518,402,522,510,497,491,547,530,499,542,486,502,503,505,498,472,390,996,499,521,416,285,285,268,307,340,500,503,485,500,510,496,533,495,495,489,503,483,500,501,471,524,488,487,463,498,501,523,500,458,494,496,537,495,179,515,508,487,398,526,285,124,308,282,500,502,431,503,1003,494,503,504,497,492,533,509,519,506,513,504,489,519,440,987,984,486,513,508,313,261,310,308,499,495,510,487,490,510,502,503,501,496,498,1016,510,993,510,494,496,514,510,490,513,494,520,501,278,198,315,279,500,479,511,495,482,503,531,491,484,503,532,498,511,502,496,541,502,489,530,423,516,492,361,316,408,299,504,515,517,513,489,284,243,292,500,501,88,521,499,494,229,476,490,495,500,494,486,511,500,493,556,478,500,355,951,372,499,256,326,297,500,505,503,485,504,477,457,532,499,1001,508,493,392,539,495,491,527,503,593,443,459,501,475,239,324,300,500,498,501,499,542,487,494,494,510,515,488,509,384,506,484,497,504,434,327,485,500,971,480,471,496,517,1015,478,449,517,500,322,299,500,265,511,332,482,504,490,304,504,507,495,505,512,500,541,498,492,519,474,497,345,355,471,455,1473,1509,1584,1488,1497,1512,1515,1527,1572,1440,1473,1617,1614,1470,810,2976,1449,843,1467,576
insect.taxa,insect.taxa,16,14,16,6,19,18,20,19,19,15,27,17,19,19,23,24,21,24,20,22,25,21,20,25,20,17,26,14,19,16,16,17,19,19,21,23,19,16,17,19,22,20,22,20,20,25,19,25,24,22,25,25,18,25,15,13,15,12,13,14,15,11,18,20,15,13,14,18,19,22,18,13,19,19,21,13,18,18,17,15,18,14,13,15,15,18,18,12,17,18,20,17,25,16,10,17,12,22,21,16,13,17,17,14,20,19,20,16,14,22,16,15,15,20,21,21,16,20,19,25,20,14,11,14,16,14,11,16,18,11,12,14,10,14,15,17,19,15,18,11,16,17,17,14,13,14,19,14,13,13,11,15,16,17,14,20,19,16,16,13,17,17,22,20,17,15,18,15,15,16,15,18,19,21,18,14,14,12,16,15,16,16,18,13,21,12,14,13,21,14,17,21,21,16,20,19,19,21,19,18,20,17,21,20,23,19,15,19,27,27,19,15,23,18,20,15,19,20,23,16,21,17,18,13,24,20,25,20,21,15,22,17,25,26,8,18,19,19,17,14,17,18,19,24,20,21,23,23,19,25,19,23,19,20,20,19,24,20,21,19,24,21,23,17,17,17,13,18,15,12,20,15,11,15,22,14,16,19,15,18,11,19,22,15,18,18,21,19,18,22,19,20,21,18,20,17,15,20,14,19,20,21,23,16,19,22,16,22,18,21,18,21,21,21,27,16
ple.taxa,ple.taxa,1,0,1,0,1,1,2,1,1,1,2,1,2,1,1,2,1,1,1,1,1,1,1,1,2,1,2,1,1,1,1,2,2,2,2,2,2,1,2,2,2,2,2,2,2,2,2,1,2,2,1,1,1,2,2,2,2,2,2,2,3,2,1,1,3,1,1,2,2,3,2,1,3,2,3,1,2,3,2,1,2,1,1,0,1,0,1,0,1,1,1,1,1,3,1,4,2,2,3,2,2,2,2,1,2,2,2,2,0,3,2,2,2,1,3,3,2,3,2,3,3,2,2,3,4,3,2,4,6,4,3,2,1,3,4,3,3,3,5,1,4,3,3,2,2,3,5,2,2,4,3,3,5,2,1,3,4,3,3,2,3,3,3,3,5,1,2,2,4,2,2,3,5,3,4,3,2,3,4,3,3,3,4,2,3,2,1,1,1,0,1,1,1,1,2,2,1,2,2,1,1,2,2,2,2,1,1,1,5,2,2,1,2,1,2,2,2,2,2,1,2,1,1,2,1,2,3,1,2,1,2,2,2,1,1,3,1,2,1,1,1,1,2,2,1,1,1,1,1,2,1,2,1,2,1,1,1,2,1,1,1,1,1,4,4,3,3,3,3,2,3,2,0,2,1,1,2,2,1,2,0,2,2,2,2,1,2,1,0,2,1,2,2,2,2,1,0,2,1,3,2,3,2,2,2,5,1,2,3,2,2,3,2,3,5,3
tri.taxa,tri.taxa,6,6,6,2,9,8,9,8,8,6,11,6,8,9,11,9,11,11,8,9,12,8,9,12,6,8,9,3,5,4,7,7,7,7,10,10,8,6,6,7,10,7,9,8,10,9,8,11,10,8,11,10,4,10,3,2,5,3,2,3,3,1,4,8,4,3,6,8,7,8,8,6,7,6,7,5,7,6,7,6,4,6,4,5,3,8,6,4,5,5,7,3,9,3,0,3,2,5,4,4,2,6,5,3,6,3,5,3,4,6,4,3,2,5,5,5,4,6,5,7,4,4,2,3,4,3,3,2,3,1,3,3,1,2,1,5,5,4,5,3,4,4,4,5,3,2,4,4,2,3,1,3,3,4,4,4,5,4,3,3,5,5,5,4,3,3,7,3,2,3,4,4,5,3,3,3,2,1,3,2,4,2,5,2,7,2,4,3,5,4,6,9,8,6,6,7,5,7,5,5,7,4,6,7,7,6,3,7,6,8,7,3,8,8,5,4,6,6,7,6,9,7,7,3,9,5,9,7,9,4,7,7,10,11,1,6,5,6,7,5,7,7,8,10,9,8,9,10,7,9,7,7,5,7,7,7,8,7,8,7,8,6,8,4,5,4,3,4,4,3,6,5,3,5,6,5,4,7,4,5,3,6,7,6,6,5,6,7,6,7,8,4,6,3,6,6,6,7,6,5,6,8,8,6,5,6,4,7,5,5,4,7,7,5,7,4
ept.p,ept.p,63.94557823,80.68965517,61.46788991,8.870967742,66.79764244,58.01282051,64.17004049,73.16602317,54.37100213,68.34532374,45.27162978,72.4137931,72.67326733,63.70967742,58.51851852,73.35984095,64.07185629,70.15810277,60.47904192,67.85009862,57.36738703,59.83086681,60.89965398,66.87116564,46.13686534,57.36738703,70.75892857,47.24137931,73.95833333,50,65.31986532,39,52.3138833,52.12355212,69.40298507,56.89655172,61.76470588,44.66800805,63.95112016,46.06946984,53.77358491,48.09619238,68.08118081,71.60493827,82.8685259,81.11332008,80,64.45783133,73.30508475,26.15384615,64.45783133,61.32264529,22.45681382,50,66.31578947,65.96491228,75,32.8990228,51.47058824,26.8,52.68389662,37.93814433,50.4,51.96078431,62.5,36.58536585,64.04040404,48.48484848,77.09611452,70.57654076,50.10351967,51,51.69660679,76.43312102,53.05343511,54.50819672,73.30595483,53.34773218,66.66666667,66.46706587,34.99043977,76.8,65.06550218,48.98785425,67.94354839,66.48044693,37.77777778,60.33519553,20.97087379,55.70866142,62.21765914,57.28643216,61.02661597,42.10526316,20.96774194,20.45454545,15.95744681,27.6,31.87250996,16.2412993,30.81510934,31.50548355,29.35222672,35.1888668,24.8015873,32.3943662,39.63414634,22.51407129,20.23575639,54.72061657,47.43083004,67.25146199,15.47619048,72.18813906,40.8477842,59.31818182,33.02938197,50.81300813,48.35390947,41.13060429,51.77165354,34.18530351,45.97701149,57.41935484,42.53246753,51.10220441,19.39393939,59.01960784,54.41478439,51.02040816,43.7254902,59.16334661,14.71172962,41.31736527,26.00806452,39.15662651,47.04724409,58.03921569,61.12789527,11.56862745,55.66801619,75.60483871,48.24902724,59.80392157,33.06122449,32.35867446,65.78947368,51.92307692,35.12974052,42.08633094,18.18181818,46.34920635,24.7311828,46.4,11.06471816,35.81213307,31.91919192,59.12863071,30.81510934,41.61958569,27.49490835,41.73553719,59.64214712,44.17293233,37.75100402,41.87866928,39.0438247,68.75,26.80221811,52.58964143,50.9202454,34.1509434,68.79432624,43.02325581,39.02439024,41.27423823,32.59493671,16.91176471,41.13712375,47.81746032,26.99029126,29.98065764,43.07992203,17.38241309,26.05633803,27.16049383,18.83561644,37.2,29.74051896,44.31818182,46.2571977,59.91983968,52.0242915,44.54148472,52.31092437,31.63265306,37.77777778,20.8,36.03238866,34.77366255,34.24657534,27.4,46.04462475,19.60431655,64.64435146,18.8,27.88732394,7.045215563,15.05376344,42.28456914,30.859375,26.3803681,33.67003367,26,21.98019802,28.82703777,57.31958763,40.47619048,57.65199161,41.57549234,47.55639098,41.28256513,48.25174825,15.15748031,50.50709939,47.95918367,42.48608534,24.84848485,61.50712831,18.21631879,53.28031809,19.56155143,49.43566591,55.77342048,7.385229541,14.52631579,30.54393305,18.82716049,34.66666667,31,18.27309237,29.14171657,58.51703407,51.84501845,62.83367556,38.46153846,60.32388664,27.64705882,64.0776699,18.44262295,43.61493124,32.8125,46.64031621,24.79338843,34.40643863,14.48412698,37.09677419,19.57186544,55.05154639,66,6.694129763,39.79166667,36.09341826,46.97580645,70.79303675,55.36945813,77.19665272,57.23830735,46.80851064,88.8,29.50310559,32.77591973,30.8,26.03773585,40.11741683,29.21686747,30.49792531,45.43650794,41.02040816,32.23684211,29.96031746,32.74161736,41.61616162,25.94059406,42.578125,29.6,66.72828096,42.97188755,54.26829268,42.9672447,42.61603376,37.82696177,42.60869565,28.16901408,57.53715499,48.57142857,31.97556008,39.56262425,65.53030303,17.94354839,23.44689379,45.03968254,51.68316832,14.53831041,33.20610687,30.41666667,32.79022403,34.69387755,78.99628253,47.34693878,55.92592593,53.125,47.20496894,31.67259786,31.08384458,39.58333333
tol.p,tol.p,0,0,0,0,0,0,1.012145749,0,0,0,0.402414487,0,0.198019802,0.201612903,0,0.397614314,0.199600798,0.988142292,0.399201597,0.394477318,0.982318271,0,0.346020761,0.408997955,0.883002208,1.37524558,3.125,0,1.041666667,0,0,0.6,0.402414487,1.544401544,0.248756219,2.107279693,0.784313725,0,0.407331976,3.10786106,0.188679245,1.002004008,0.553505535,0.617283951,1.593625498,6.75944334,0.792079208,1.004016064,1.694915254,3.076923077,1.004016064,0.400801603,3.646833013,2.884615385,7.01754386,10.1754386,1.119402985,2.605863192,1.176470588,0.6,0.397614314,2.268041237,12.2,0.392156863,3.225806452,0,1.01010101,1.01010101,0.204498978,5.964214712,1.035196687,1.2,10.77844311,1.27388535,4.961832061,0.409836066,1.437371663,2.807775378,0.602409639,0.199600798,2.676864245,0.2,0.655021834,0,1.612903226,0,0.404040404,2.793296089,0,0.196850394,0.205338809,6.030150754,1.711026616,6.315789474,7.258064516,1.948051948,1.418439716,2.4,11.15537849,3.712296984,4.174950298,0.398803589,4.251012146,0,4.761904762,1.810865191,2.032520325,2.814258912,0.589390963,2.504816956,1.581027668,0.584795322,2.182539683,0.81799591,8.285163776,1.363636364,4.052684904,4.573170732,12.55144033,4.483430799,1.771653543,1.277955272,1.149425287,1.935483871,10.06493506,1.803607214,0.202020202,7.254901961,1.642710472,0.816326531,1.176470588,0.597609562,0.198807157,2.994011976,2.016129032,3.413654618,2.559055118,0.588235294,3.32326284,0.196078431,0.607287449,5.040322581,2.140077821,0.784313725,2.040816327,3.50877193,9.91902834,2.115384615,3.193612774,25.17985612,3.03030303,1.26984127,2.867383513,0.6,0.208768267,10.56751468,2.222222222,0.622406639,0.397614314,0,6.517311609,6.818181818,9.542743539,9.962406015,4.618473896,1.369863014,6.573705179,1.209677419,2.033271719,0.398406375,4.08997955,1.320754717,14.89361702,15.89147287,6.300813008,32.4099723,0.316455696,2.941176471,5.016722408,1.984126984,2.524271845,4.255319149,3.50877193,2.658486708,0.704225352,0.411522634,0,0,0,1.136363636,0.575815739,0.200400802,1.012145749,0,0,0,0,2.4,0.20242915,0,1.174168297,0.6,1.419878296,0.179856115,2.092050209,0.6,0.281690141,0,2.419354839,4.008016032,0.78125,0,1.346801347,0.2,1.386138614,0.198807157,0.618556701,0,0.838574423,0,0,0,0,1.57480315,0.405679513,0.765306122,5.936920223,0.202020202,1.83299389,0.189753321,10.33797217,0.337268128,0.451467269,0.653594771,0,2.105263158,0.418410042,0,0,0,0,0,0.200400802,0.36900369,0,0,0.20242915,0.392156863,0,1.844262295,0,0.520833333,0.197628458,0.41322314,0.201207243,0.198412698,0.230414747,0.305810398,0.206185567,0,0.205973223,0.833333333,0.636942675,1.814516129,4.835589942,1.773399015,13.38912134,11.35857461,4.448742747,20.2,1.242236025,6.35451505,0,1.886792453,0.587084149,1.807228916,0.20746888,0.793650794,0,1.973684211,0,0.986193294,0.808080808,1.584158416,0.390625,1,1.478743068,3.413654618,0.81300813,12.90944123,0.210970464,2.615694165,1.739130435,4.225352113,11.46496815,1.098901099,0.203665988,11.92842942,0,8.669354839,4.609218437,6.547619048,4.752475248,3.143418468,1.145038168,19.375,1.425661914,12.98701299,0.185873606,14.08163265,1.851851852,7.560483871,4.140786749,6.049822064,10.83844581,7.8125
intol.p,intol.p,17.00680272,31.03448276,13.45565749,29.03225806,19.44990177,22.11538462,17.00404858,20.07722008,40.08528785,38.1294964,48.69215292,24.54361055,21.78217822,20.16129032,35.0617284,22.26640159,29.14171657,28.65612648,23.95209581,26.42998028,48.33005894,14.79915433,49.48096886,43.96728016,11.69977925,15.71709234,24.33035714,16.89655172,39.0625,14,24.24242424,11.2,13.68209256,26.83397683,28.10945274,24.5210728,20,15.69416499,23.82892057,18.82998172,28.11320755,11.62324649,36.34686347,10.49382716,25.09960159,16.50099404,21.58415842,44.57831325,36.22881356,22.30769231,44.57831325,47.69539078,10.17274472,19.71153846,5.964912281,1.403508772,33.95522388,20.84690554,8.235294118,3,11.1332008,3.092783505,10.4,6.862745098,11.69354839,3.939962477,30.3030303,8.282828283,37.42331288,6.958250497,32.09109731,5.4,25.74850299,2.760084926,29.77099237,10.86065574,40.04106776,6.695464363,53.21285141,62.8742515,8.221797323,41.4,35.37117904,16.59919028,8.266129032,17.69087523,9.494949495,20.67039106,22.33009709,26.77165354,30.39014374,15.57788945,35.5513308,5.614035088,2.419354839,0.649350649,2.127659574,3,2.788844622,4.408352668,1.988071571,4.685942173,4.453441296,3.578528827,1.19047619,14.48692153,7.113821138,12.19512195,9.626719057,7.514450867,4.347826087,4.288499025,22.22222222,16.56441718,9.055876686,16.59090909,4.457953394,8.130081301,9.465020576,17.73879142,6.88976378,0.638977636,1.53256705,8.064516129,0.649350649,0.601202405,0.606060606,1.176470588,0.205338809,0.204081633,1.568627451,2.19123506,0.198807157,8.78243513,4.435483871,2.008032129,7.381889764,2.745098039,3.423967774,3.137254902,1.012145749,2.016129032,4.474708171,3.529411765,6.326530612,0,6.882591093,6.923076923,0.998003992,2.877697842,3.535353535,8.571428571,2.150537634,0.8,4.384133612,0.587084149,1.212121212,1.244813278,3.37972167,2.824858757,1.425661914,4.132231405,2.584493042,3.007518797,3.413654618,3.913894325,7.96812749,2.016129032,6.469500924,2.390438247,0.204498978,1.132075472,0.236406619,1.162790698,4.06504065,0.831024931,5.379746835,0.490196078,1.672240803,1.388888889,5.436893204,1.547388781,1.364522417,0.81799591,8.098591549,2.880658436,9.246575342,3.2,8.582834331,4.545454545,9.404990403,5.611222445,11.13360324,8.296943231,29.83193277,8.367346939,17.37373737,8,10.52631579,7.201646091,14.28571429,2,11.76470588,2.697841727,42.05020921,3.8,37.46478873,3.680336488,5.376344086,14.82965932,18.359375,4.294478528,19.19191919,6.4,16.63366337,5.168986083,21.44329897,9.920634921,36.26834382,6.564551422,25.93984962,6.613226453,28.17182817,2.559055118,16.22718053,6.632653061,20.22263451,4.444444444,10.79429735,2.277039848,11.33200795,5.396290051,39.27765237,34.64052288,6.18762475,11.78947368,13.38912134,7.098765432,27,14.2,11.44578313,8.582834331,26.45290581,21.77121771,37.16632444,15.18218623,46.55870445,13.7254902,56.89320388,13.7295082,36.54223969,10.67708333,39.92094862,6.611570248,12.67605634,3.968253968,29.95391705,7.033639144,42.88659794,49,4.428424305,13.54166667,22.71762208,1.008064516,1.160541586,1.773399015,0,4.677060134,2.127659574,0.8,16.45962733,4.682274247,14.8,10.56603774,18.39530333,5.722891566,7.468879668,7.936507937,12.85714286,17.10526316,14.88095238,21.10453649,10.3030303,7.128712871,10.7421875,11.6,29.2051756,11.64658635,33.94308943,24.08477842,18.98734177,23.34004024,15.36231884,7.887323944,16.1358811,25.93406593,8.350305499,6.560636183,10.60606061,25.80645161,25.250501,18.45238095,21.78217822,7.662082515,14.1221374,11.04166667,2.240325866,14.84230056,7.620817844,18.57142857,9.259259259,6.85483871,22.15320911,11.03202847,11.24744376,4.166666667
hil.in,hil.in,3.93537415,2.979310345,4.327217125,4.387096774,3.838899804,3.602564103,3.94534413,3.644787645,2.921108742,3.338129496,2.647887324,3.529411765,3.738613861,3.877016129,3.088888889,3.719681909,3.441117764,3.551383399,3.536926148,3.400394477,2.842829077,4.086680761,2.785467128,2.881390593,4.322295806,3.988212181,3.5625,4.272413793,2.885416667,4.336666667,3.872053872,4.806,4.271629779,3.472972973,3.57960199,3.760536398,3.801960784,4.3722334,3.908350305,4.191956124,3.864150943,4.541082164,3.603321033,4.076131687,3.735059761,4.105367793,3.754455446,3.331325301,3.347457627,4.58974359,3.419678715,3.304609218,5.305182342,4.365384615,4.8,4.887719298,2.686567164,4.273615635,3.961764706,5.324,3.723658052,5.088659794,4.346,4.623529412,3.911290323,5.157598499,3.278787879,4.662626263,2.973415133,4.129224652,3.306418219,4.81,3.740518962,4.573248408,3.559160305,4.540983607,3.032854209,4.801295896,2.81124498,2.676646707,4.877629063,3.41,3.593886463,3.74291498,3.997983871,3.500931099,4.723232323,3.603351955,4.297087379,3.312992126,3.281314168,3.83919598,3.231939163,4.533333333,5.419354839,5.477272727,5.25177305,4.738,5.364541833,4.37587007,4.900596421,5.020937188,4.591093117,4.990059642,5.01984127,4.118712274,4.213414634,4.303939962,4.752455796,4.456647399,4.229249012,4.473684211,4.23015873,4.022494888,4.360308285,3.861363636,5.061803445,4.332317073,4.775720165,4.366471735,4.32480315,4.632587859,4.659003831,4.335483871,5.344155844,4.342685371,5.016161616,4.721568627,4.620123203,4.651020408,5.056862745,4.444223108,5.385685885,4.323353293,4.580645161,4.672690763,4.556102362,4.303921569,4.648539778,5.649019608,4.779352227,4.433467742,4.515564202,4.364705882,4.769387755,4.966861598,4.532388664,4.278846154,5.239520958,5.201438849,5.050505051,4.625396825,5.301075269,4.42,5.39039666,5.017612524,5.17979798,4.514522822,4.940357853,4.757062147,5.289205703,4.954545455,4.73359841,4.793233083,4.640562249,4.686888454,4.764940239,4.403225806,4.927911275,4.671314741,5.044989775,4.9,4.90070922,4.901162791,4.68902439,5.520775623,4.655063291,5.164215686,4.672240803,4.420634921,4.887378641,4.713733075,4.600389864,5.505112474,4.816901408,5.238683128,5.321917808,5.376,5.219560878,4.909090909,5.105566219,4.146292585,4.884615385,4.624454148,4.319327731,5.173469388,4.878787879,5.348,5.018218623,5,4.763209393,5.568,5.048681542,5.543165468,3.979079498,5.494,3.98028169,2.573080967,5.497311828,4.877755511,4.91015625,5.294478528,4.498316498,5.306,4.817821782,5.407554672,4.426804124,4.75,3.86163522,4.606126915,4.428571429,4.985971944,4.502497502,5.708661417,4.60040568,4.790816327,4.513914657,5.377777778,4.975560081,5.540796964,5.07554672,5.463743676,3.923250564,3.74291939,5.77245509,5.309473684,4.682008368,5.327160494,4.15,4.706,5.166666667,5.103792415,3.929859719,3.988929889,3.480492813,4.508097166,3.520242915,4.8,3.638834951,4.918032787,3.748526523,4.739583333,3.549407115,5.297520661,4.945674044,5.373015873,3.758064516,5.266055046,3.948453608,3.368,2.732234809,4.9125,4.547770701,4.995967742,4.646034816,4.798029557,4.577405858,4.830734967,5.110251451,4.806,4.313664596,5.070234114,3.97,4.120754717,4.066536204,4.542168675,4.904564315,4.484126984,4.573469388,4.299342105,4.023809524,3.936883629,4.246464646,4.041584158,4.26171875,3.992,3.611829945,4.138554217,3.556910569,4.021194605,4.335443038,4.068410463,4.255072464,4.154929577,4.573248408,3.287912088,4.804480652,5.049701789,4.193181818,4.268145161,4.236472946,4.363095238,4.188118812,5.066797642,4.666030534,5.15625,5.289205703,4.673469388,4.046468401,4.36122449,4.466666667,4.76108871,4.01863354,4.569395018,4.167689162,4.9375
p.p,p.p,9.183673469,6.206896552,14.06727829,0.403225806,19.44990177,9.615384615,6.680161943,9.266409266,4.690831557,14.38848921,7.243460765,9.330628803,9.108910891,16.93548387,7.160493827,12.12723658,11.77644711,8.300395257,9.580838323,12.62327416,11.00196464,10.35940803,14.53287197,21.26789366,5.077262693,7.465618861,20.75892857,7.931034483,5.208333333,12.66666667,6.734006734,3.2,6.036217304,3.474903475,10.19900498,12.2605364,9.411764706,12.27364185,12.01629328,10.60329068,8.679245283,5.811623246,9.409594096,6.172839506,7.768924303,6.560636183,3.96039604,7.429718876,8.262711864,11.28205128,11.84738956,16.23246493,3.454894434,8.173076923,1.754385965,4.210526316,4.47761194,0.651465798,2.647058824,2.6,1.988071571,1.237113402,2.8,3.529411765,2.419354839,1.125703565,4.444444444,1.818181818,4.08997955,2.186878728,6.418219462,2.4,3.992015968,5.095541401,5.34351145,1.844262295,6.36550308,4.967602592,7.228915663,3.393213573,3.059273423,3.4,4.366812227,1.417004049,1.612903226,8.938547486,4.848484848,3.910614525,6.019417476,11.61417323,5.133470226,3.51758794,9.505703422,11.92982456,5.64516129,7.792207792,3.191489362,14.2,9.163346614,6.26450116,4.572564612,4.08773679,8.502024291,3.578528827,9.523809524,7.042253521,4.674796748,11.44465291,2.161100196,7.514450867,7.312252964,1.364522417,4.365079365,6.952965235,9.248554913,3.636363636,7.80141844,10.46747967,16.46090535,9.55165692,5.511811024,5.431309904,11.49425287,10.64516129,5.194805195,2.404809619,3.434343434,11.17647059,9.034907598,1.632653061,10.98039216,3.784860558,0.596421471,9.381237525,17.74193548,13.25301205,14.17322835,4.705882353,6.847935549,1.960784314,5.870445344,8.467741935,9.338521401,2.352941176,6.530612245,25.3411306,14.17004049,1.538461538,3.592814371,16.54676259,8.585858586,7.301587302,10.75268817,2.8,6.889352818,31.89823875,7.676767677,1.452282158,11.72962227,3.389830508,6.109979633,8.26446281,13.12127237,6.954887218,17.67068273,2.935420744,5.179282869,2.419354839,6.469500924,2.788844622,2.862985685,7.547169811,9.929078014,5.23255814,12.80487805,6.925207756,3.164556962,5.637254902,16.05351171,4.166666667,11.06796117,12.18568665,13.64522417,5.316973415,11.61971831,2.057613169,4.794520548,6.2,12.3752495,9.090909091,5.182341651,6.012024048,12.14574899,7.423580786,4.201680672,9.183673469,7.272727273,6,9.71659919,9.465020576,18.00391389,6.6,9.127789047,9.892086331,17.78242678,5.8,21.97183099,5.573080967,20.69892473,8.416833667,4.6875,3.987730061,10.77441077,2.6,10.4950495,6.361829026,7.422680412,4.365079365,5.870020964,5.251641138,5.639097744,6.012024048,7.892107892,3.149606299,13.18458418,11.98979592,24.1187384,10.90909091,10.99796334,7.400379507,10.73558648,3.70994941,6.772009029,8.496732026,1.397205589,13.26315789,16.31799163,5.864197531,7.333333333,5.6,3.413654618,5.389221557,6.412825651,9.594095941,10.26694045,9.51417004,6.072874494,11.37254902,5.631067961,22.74590164,8.251473477,12.5,16.00790514,7.438016529,6.841046278,3.76984127,14.74654378,5.504587156,9.484536082,5.6,4.943357364,17.29166667,17.8343949,6.25,5.80270793,5.911330049,15.06276151,10.91314031,5.609284333,0.6,8.074534161,9.030100334,8,7.547169811,8.806262231,4.518072289,5.186721992,8.928571429,12.44897959,11.84210526,6.944444444,15.7790927,6.464646465,10.2970297,3.90625,11.8,9.981515712,14.85943775,8.739837398,15.02890173,9.493670886,10.46277666,8.695652174,11.54929577,12.7388535,5.494505495,2.851323829,18.68787276,3.21969697,14.91935484,8.416833667,14.08730159,19.40594059,7.858546169,3.053435115,21.45833333,0.814663951,18.18181818,1.858736059,6.326530612,11.85185185,6.552419355,12.83643892,17.08185053,20.85889571,11.97916667
insect.score,insect.score,2,1,2,1,3,2,3,3,3,2,4,2,3,3,3,4,3,4,3,3,4,3,3,4,3,2,4,1,3,2,2,2,3,3,3,3,3,2,2,3,3,3,3,3,3,4,3,4,4,3,4,4,2,4,2,1,2,1,1,1,2,1,2,3,2,1,1,2,3,3,2,1,3,3,3,1,2,2,2,2,2,1,1,2,2,2,2,1,2,2,3,2,4,2,1,2,1,3,3,2,1,2,2,1,3,3,3,2,1,3,2,2,2,3,3,3,2,3,3,4,3,1,1,1,2,1,1,2,2,1,1,1,1,1,2,2,3,2,2,1,2,2,2,1,1,1,3,1,1,1,1,2,2,2,1,3,3,2,2,1,2,2,3,3,2,2,2,2,2,2,2,2,3,3,2,1,1,1,2,2,2,2,2,1,3,1,1,1,3,1,2,3,3,2,3,3,3,3,3,2,3,2,3,3,3,3,2,3,4,4,3,2,3,2,3,2,3,3,3,2,3,2,2,1,4,3,4,3,3,2,3,2,4,4,1,2,3,3,2,1,2,2,3,4,3,3,3,3,3,4,3,3,3,3,3,3,4,3,3,3,4,3,3,2,2,2,1,2,2,1,3,2,1,2,3,1,2,3,2,2,1,3,3,2,2,2,3,3,2,3,3,3,3,2,3,2,2,3,1,3,3,3,3,2,3,3,2,3,2,3,2,3,3,3,4,2
ple.score,ple.score,1,1,1,1,1,1,2,1,1,1,2,1,2,1,1,2,1,1,1,1,1,1,1,1,2,1,2,1,1,1,1,2,2,2,2,2,2,1,2,2,2,2,2,2,2,2,2,1,2,2,1,1,1,2,2,2,2,2,2,2,3,2,1,1,3,1,1,2,2,3,2,1,3,2,3,1,2,3,2,1,2,1,1,1,1,1,1,1,1,1,1,1,1,3,1,4,2,2,3,2,2,2,2,1,2,2,2,2,1,3,2,2,2,1,3,3,2,3,2,3,3,2,2,3,4,3,2,4,5,4,3,2,1,3,4,3,3,3,5,1,4,3,3,2,2,3,5,2,2,4,3,3,5,2,1,3,4,3,3,2,3,3,3,3,5,1,2,2,4,2,2,3,5,3,4,3,2,3,4,3,3,3,4,2,3,2,1,1,1,1,1,1,1,1,2,2,1,2,2,1,1,2,2,2,2,1,1,1,5,2,2,1,2,1,2,2,2,2,2,1,2,1,1,2,1,2,3,1,2,1,2,2,2,1,1,3,1,2,1,1,1,1,2,2,1,1,1,1,1,2,1,2,1,2,1,1,1,2,1,1,1,1,1,4,4,3,3,3,3,2,3,2,1,2,1,1,2,2,1,2,1,2,2,2,2,1,2,1,1,2,1,2,2,2,2,1,1,2,1,3,2,3,2,2,2,5,1,2,3,2,2,3,2,3,5,3
tri.score,tri.score,3,3,3,1,5,4,5,4,4,3,5,3,4,5,5,5,5,5,4,5,5,4,5,5,3,4,5,2,3,2,4,4,4,4,5,5,4,3,3,4,5,4,5,4,5,5,4,5,5,4,5,5,2,5,2,1,3,2,1,2,2,1,2,4,2,2,3,4,4,4,4,3,4,3,4,3,4,3,4,3,2,3,2,3,2,4,3,2,3,3,4,2,5,2,1,2,1,3,2,2,1,3,3,2,3,2,3,2,2,3,2,2,1,3,3,3,2,3,3,4,2,2,1,2,2,2,2,1,2,1,2,2,1,1,1,3,3,2,3,2,2,2,2,3,2,1,2,2,1,2,1,2,2,2,2,2,3,2,2,2,3,3,3,2,2,2,4,2,1,2,2,2,3,2,2,2,1,1,2,1,2,1,3,1,4,1,2,2,3,2,3,5,4,3,3,4,3,4,3,3,4,2,3,4,4,3,2,4,3,4,4,2,4,4,3,2,3,3,4,3,5,4,4,2,5,3,5,4,5,2,4,4,5,5,1,3,3,3,4,3,4,4,4,5,5,4,5,5,4,5,4,4,3,4,4,4,4,4,4,4,4,3,4,2,3,2,2,2,2,2,3,3,2,3,3,3,2,4,2,3,2,3,4,3,3,3,3,4,3,4,4,2,3,2,3,3,3,4,3,3,3,4,4,3,3,3,2,4,3,3,2,4,4,3,4,2
ept.score,ept.score,4,5,4,1,4,3,4,5,3,4,2,5,5,4,3,5,4,4,4,4,3,3,4,4,3,3,4,3,5,3,4,2,3,3,4,3,4,2,4,3,3,3,4,5,5,5,5,4,5,1,4,4,1,3,4,4,5,2,3,1,3,2,3,3,4,2,4,3,5,4,3,3,3,5,3,3,5,3,4,4,2,5,4,3,4,4,2,4,1,3,4,3,4,2,1,1,1,1,2,1,2,2,1,2,1,2,2,1,1,3,3,4,1,5,2,3,2,3,3,2,3,2,3,3,2,3,1,3,3,3,2,3,1,2,1,2,3,3,4,1,3,5,3,3,2,2,4,3,2,2,1,3,1,3,1,2,2,3,2,2,1,2,3,2,2,2,2,4,1,3,3,2,4,2,2,2,2,1,2,3,1,2,2,1,1,1,1,2,1,2,3,3,3,2,3,2,2,1,2,2,2,1,3,1,4,1,1,1,1,2,2,1,2,1,1,1,3,2,3,2,3,2,3,1,3,3,2,1,4,1,3,1,3,3,1,1,2,1,2,2,1,1,3,3,4,2,4,1,4,1,2,2,3,1,2,1,2,1,3,4,1,2,2,3,4,3,5,3,3,5,1,2,2,1,2,1,2,2,2,2,2,2,2,1,2,1,4,2,3,2,2,2,2,1,3,3,2,2,4,1,1,2,3,1,2,2,2,2,5,3,3,3,3,2,2,2
tol.score,tol.score,5,5,5,5,5,5,4,5,5,5,5,5,5,5,5,5,5,4,5,5,4,5,5,5,4,3,2,5,4,5,5,4,5,3,5,2,4,5,5,2,5,4,4,4,3,1,4,4,3,2,4,5,2,2,1,1,4,2,4,4,5,2,1,5,2,5,4,4,5,1,4,3,1,3,1,5,3,2,4,5,2,5,4,5,3,5,5,2,5,5,5,1,3,1,1,2,3,2,1,2,1,5,1,5,1,2,2,2,4,2,3,4,2,4,1,3,1,1,1,1,2,3,4,2,1,2,5,1,3,4,4,4,5,2,2,2,2,4,2,5,4,1,2,4,2,2,1,2,2,1,2,3,2,4,5,1,2,4,5,5,1,1,1,1,1,3,1,3,2,5,1,3,1,1,1,1,5,2,1,2,2,1,2,2,4,5,5,5,5,4,4,5,4,5,5,5,5,2,5,5,4,4,3,5,2,4,5,5,2,1,4,5,3,5,3,5,4,5,4,5,5,5,5,3,5,4,1,5,2,5,1,5,5,4,5,2,5,5,5,5,5,5,5,5,5,5,5,5,5,2,5,5,5,5,5,5,5,5,5,5,5,4,4,2,1,2,1,1,1,1,3,1,5,2,4,2,5,4,5,2,5,4,4,3,5,4,3,2,4,1,5,2,2,1,1,4,5,1,5,1,1,1,1,2,4,1,3,1,5,1,2,1,1,1,1,1
intol.score,intol.score,4,5,3,5,4,4,4,4,5,5,5,4,4,4,5,4,5,5,4,4,5,4,5,5,3,4,4,4,5,3,4,3,3,4,5,4,4,4,4,4,5,3,5,3,4,4,4,5,5,4,5,5,3,4,2,1,5,4,2,1,3,1,3,2,3,1,5,2,5,2,5,2,4,1,5,3,5,2,5,5,2,5,5,4,2,4,3,4,4,4,5,4,5,2,1,1,1,1,1,2,1,2,2,1,1,3,2,3,3,2,1,1,4,4,3,4,2,2,3,4,2,1,1,2,1,1,1,1,1,1,1,1,1,3,2,1,2,1,1,1,1,1,2,1,2,1,2,2,1,1,1,2,1,1,2,1,1,1,1,1,1,1,1,1,1,1,2,1,2,1,1,1,1,1,1,1,2,1,1,1,2,1,1,1,2,1,3,1,2,2,3,2,3,2,5,2,4,2,3,2,3,1,3,1,5,1,5,1,2,4,4,1,4,2,4,2,4,3,5,2,4,2,5,1,4,2,4,2,3,1,3,2,5,5,2,3,3,2,4,3,3,2,4,4,5,4,5,3,5,3,5,3,5,2,3,1,5,2,5,5,2,3,4,1,1,1,1,2,1,1,4,2,4,3,4,2,2,2,3,4,4,4,3,2,3,3,5,3,5,4,4,4,4,2,4,4,2,2,3,4,4,4,4,2,3,3,1,4,2,4,3,2,4,3,3,1
hil.score,hil.score,4,5,3,3,4,5,4,5,5,5,5,5,4,4,5,4,5,5,5,5,5,4,5,5,3,4,5,3,5,3,4,2,3,5,5,4,4,3,4,4,4,3,5,4,4,4,4,5,5,2,5,5,1,3,2,2,5,3,4,1,4,1,3,2,4,1,5,2,5,4,5,2,4,3,5,3,5,2,5,5,2,5,5,4,4,5,2,5,3,5,5,4,5,3,1,1,1,2,1,3,2,1,2,1,1,4,4,3,2,3,4,3,4,4,3,4,1,3,2,3,3,2,2,3,1,3,1,2,2,2,1,3,1,3,2,2,3,3,2,1,2,3,3,3,2,1,3,3,1,1,1,2,1,3,1,1,1,3,2,2,1,2,2,2,2,2,2,3,2,2,1,2,2,2,2,1,2,1,2,3,2,2,2,1,2,1,1,1,1,2,1,4,2,2,3,1,2,1,1,1,2,1,1,1,4,1,4,5,1,2,2,1,3,1,2,1,3,2,4,2,3,1,3,1,2,2,3,1,1,1,1,1,4,4,1,1,2,1,4,2,1,1,4,4,5,3,5,2,5,2,4,2,5,1,2,1,4,1,4,5,5,2,3,1,2,2,3,2,1,2,3,1,4,4,4,3,2,3,3,3,4,4,4,4,3,4,5,4,5,4,3,4,4,4,3,5,2,1,4,3,4,3,4,1,2,1,1,2,4,3,3,2,4,3,4,2
p.score,p.score,3,2,5,1,5,4,3,3,2,5,3,3,3,5,3,5,4,3,4,5,4,4,5,5,2,3,5,3,2,5,3,1,2,1,4,5,4,5,4,4,3,2,4,2,3,2,1,3,3,4,4,5,1,3,1,1,2,1,1,1,1,1,1,1,1,1,2,1,1,1,2,1,1,2,2,1,2,2,3,1,1,1,2,1,1,3,2,1,2,4,2,1,4,4,2,3,1,5,3,2,2,1,3,1,4,3,2,4,1,3,3,1,2,3,3,1,3,4,5,4,2,2,4,4,2,1,1,4,3,1,4,1,1,3,5,5,5,2,3,1,2,3,3,1,2,5,5,1,1,5,3,3,4,1,3,5,3,1,4,1,2,3,5,3,5,1,2,1,2,1,1,3,4,2,5,3,1,2,5,1,4,5,5,2,4,1,2,2,5,3,2,2,5,3,1,3,3,2,4,4,5,2,3,4,5,2,5,2,5,3,2,1,4,1,4,2,3,2,2,2,2,2,3,1,5,4,5,4,4,3,4,1,3,3,1,5,5,2,3,2,1,2,2,4,4,4,2,4,2,5,3,5,5,3,3,1,5,2,4,2,2,5,5,2,2,2,5,4,2,1,3,3,3,3,3,2,2,3,5,4,3,5,2,4,1,4,4,5,3,5,4,4,3,4,5,2,1,5,1,5,3,5,5,3,1,5,1,5,1,2,4,2,5,5,5,4
ibi.score,ibi.score,26,27,26,18,31,28,29,30,28,30,31,28,30,31,30,34,32,31,30,32,31,28,33,34,23,24,31,22,28,24,27,20,25,25,33,28,29,25,28,26,30,24,32,27,29,27,27,31,32,22,32,34,13,26,16,13,28,17,18,13,23,11,16,21,21,14,25,20,30,22,27,16,23,22,26,20,28,19,29,26,15,26,24,23,19,28,20,20,21,27,29,18,31,19,9,16,11,19,16,16,12,18,16,14,16,21,20,19,15,22,20,19,18,27,21,24,15,22,22,25,20,15,18,20,15,16,14,18,21,17,18,17,12,18,19,20,24,20,22,13,20,20,20,18,15,16,25,16,11,17,13,20,18,18,16,18,19,19,21,16,14,17,21,17,20,14,17,18,16,18,13,18,23,16,19,14,16,12,19,16,18,17,21,11,23,13,16,15,21,17,19,25,25,20,25,22,23,17,23,20,24,15,21,21,29,16,25,22,23,22,23,14,25,17,22,17,25,22,27,19,27,19,26,12,29,23,27,21,24,16,21,18,31,29,13,20,24,19,25,19,18,18,27,31,32,26,30,24,29,24,27,26,30,21,23,17,30,20,29,29,24,23,26,17,19,17,21,19,15,15,23,16,22,20,24,15,19,23,23,22,22,27,24,21,21,22,29,24,26,25,26,23,23,18,24,24,18,20,22,23,21,25,26,16,20,23,13,23,25,21,21,20,26,23,28,17
SiteWY,SiteWY,1 2001,1 2001,1 2002,1 2003,1 2003,1 2004,1 2004,1 2005,1 2005,1 2006,1 2006,1 2007,1 2007,1 2008,1 2008,1 2009,1 2009,1 2010,1 2010,1 2011,1 2011,1 2012,1 2012,1 2013,1 2014,1 2014,1 2015,2 2001,2 2001,2 2002,2 2002,2 2003,2 2003,2 2004,2 2004,2 2005,2 2005,2 2006,2 2006,2 2007,2 2007,2 2008,2 2008,2 2009,2 2009,2 2010,2 2010,2 2011,2 2011,2 2012,2 2012,2 2013,2 2014,2 2014,2 2015,4 2001,4 2001,4 2002,4 2002,4 2003,4 2003,4 2004,4 2004,4 2005,4 2005,4 2006,4 2006,4 2007,4 2007,4 2008,4 2008,4 2009,4 2009,4 2010,4 2010,4 2011,4 2011,4 2012,4 2012,4 2013,4 2014,4 2014,4 2015,5 2009,5 2010,5 2010,5 2011,5 2011,5 2012,5 2012,5 2013,5 2014,5 2014,6 2001,6 2001,6 2002,6 2002,6 2003,6 2003,6 2004,6 2004,6 2005,6 2005,6 2006,6 2006,6 2007,6 2007,6 2008,6 2008,6 2009,6 2009,6 2010,6 2010,6 2011,6 2011,6 2012,6 2012,6 2012,6 2013,6 2014,6 2014,8 2001,8 2001,8 2002,8 2002,8 2003,8 2003,8 2004,8 2004,8 2005,8 2005,8 2006,8 2006,8 2007,8 2007,8 2008,8 2008,8 2009,8 2009,8 2009,8 2009,8 2010,8 2010,8 2011,8 2011,8 2012,8 2013,8 2014,8 2014,9 2001,9 2001,9 2002,9 2002,9 2003,9 2003,9 2004,9 2004,9 2005,9 2005,9 2006,9 2006,9 2007,9 2007,9 2008,9 2008,9 2009,9 2009,9 2010,9 2010,9 2011,9 2011,9 2012,9 2013,9 2014,9 2014,10 2001,10 2001,10 2002,10 2002,10 2003,10 2003,10 2004,10 2004,10 2005,11 2001,11 2002,11 2002,11 2003,11 2003,11 2004,11 2004,11 2005,11 2005,11 2006,11 2006,11 2007,11 2007,11 2008,11 2008,11 2009,11 2009,11 2010,11 2010,11 2011,11 2011,11 2012,11 2013,11 2014,11 2014,11 2015,12 2001,12 2002,12 2002,12 2003,12 2003,12 2004,12 2004,12 2005,12 2005,12 2006,12 2006,12 2007,12 2007,12 2008,12 2008,12 2009,12 2009,12 2010,12 2010,12 2011,12 2011,12 2012,12 2012,12 2013,12 2014,12 2014,13 2001,13 2002,13 2002,13 2003,13 2003,13 2004,13 2004,13 2005,13 2005,13 2006,13 2006,13 2007,13 2007,13 2008,13 2008,13 2009,13 2009,13 2010,13 2010,13 2011,13 2011,13 2012,13 2012,13 2013,13 2014,13 2014,13 2015,14 2012,14 2012,14 2012,14 2013,14 2014,14 2014,14 2015,15 2002,15 2002,15 2003,15 2003,15 2004,15 2004,15 2005,15 2005,15 2006,15 2006,15 2007,15 2007,15 2008,15 2008,15 2009,15 2009,15 2010,15 2010,15 2011,15 2011,15 2012,15 2012,15 2013,15 2014,15 2014,15 2015,16 2005,16 2005,16 2006,16 2006,16 2007,16 2007,16 2008,16 2008,16 2009,16 2009,16 2010,16 2010,16 2011,16 2011,16 2012,16 2012,16 2013,16 2014,16 2014,16 2015