Year,Old_site_code,Latitude,Longitude,Elevation,Tmax01,Tmax02,Tmax03,Tmax04,Tmax05,Tmax06,Tmax07,Tmax08,Tmax09,Tmax10,Tmax11,Tmax12,Tmin01,Tmin02,Tmin03,Tmin04,Tmin05,Tmin06,Tmin07,Tmin08,Tmin09,Tmin10,Tmin11,Tmin12,Tave01,Tave02,Tave03,Tave04,Tave05,Tave06,Tave07,Tave08,Tave09,Tave10,Tave11,Tave12,PPT01,PPT02,PPT03,PPT04,PPT05,PPT06,PPT07,PPT08,PPT09,PPT10,PPT11,PPT12,CMD01,CMD02,CMD03,CMD04,CMD05,CMD06,CMD07,CMD08,CMD09,CMD10,CMD11,CMD12
2003,DC 1,39.2957,-120.8865,957.96,14,11.9,15.3,12.1,21.7,28.5,33.3,29.6,30.2,25.8,11.5,8.9,3.7,-0.3,2.2,1.1,6.5,11.1,15.3,13.2,12.4,8.5,0.7,0.9,8.9,5.8,8.7,6.6,14.1,19.8,24.3,21.4,21.3,17.2,6.1,4.9,131,99,173,289,66,2,1,27,5,15,136,452,0,0,0,0,68,170,196,131,125,74,0,0
2003,DC 2,39.268166,-121.000817,766.85,15.6,13.7,16.8,13.4,22.7,29.7,34.7,30.9,31.5,27.4,13.3,11,4.5,0.9,3.4,2.4,7.7,12.4,16.8,14.5,13.7,9.6,1.7,1.8,10.1,7.3,10.1,7.9,15.2,21.1,25.7,22.7,22.6,18.5,7.5,6.4,130,98,161,264,65,2,1,26,4,12,130,418,0,0,0,0,73,175,201,137,130,82,0,0
2003,DC 4,39.2603646,-121.0320418,705.94,16.1,14.3,17.3,13.8,23.1,30.1,35.1,31.3,31.9,27.9,13.9,11.6,5,1.5,4,3,8.3,13,17.5,15.1,14.4,10.2,2.3,2.4,10.6,7.9,10.6,8.4,15.7,21.6,26.3,23.2,23.2,19,8.1,7,123,91,154,250,63,1,2,23,4,12,127,399,0,0,0,0,76,177,203,141,131,84,0,0
2003,DC 6,39.239,-121.1872,366.76,16.4,15.6,18.9,15.4,24.9,31.8,37.1,32.8,33.3,29.2,15.3,12.4,6.2,3.5,5.9,4.9,10.2,14.5,18.8,16.1,15.9,11.9,4,4.1,11.3,9.6,12.4,10.2,17.5,23.2,28,24.4,24.6,20.5,9.6,8.2,94,66,112,173,49,1,1,15,2,8,100,301,0,0,0,0,97,186,216,156,137,90,0,0
2003,DC 8,39.2302,-121.2442,247.16,15.8,15.6,19,15.8,25.5,32.3,37.7,32.9,33.3,29.2,15.2,12.1,6.4,4,6.5,5.4,10.6,14.8,19,16.2,16,12.2,4.3,4.3,11.1,9.8,12.8,10.6,18,23.6,28.3,24.5,24.7,20.7,9.8,8.2,86,63,100,148,45,1,0,12,1,7,88,263,0,0,0,0,104,189,219,160,138,91,0,0
2003,DC 9,39.2282,-121.2468,237.46,15.8,15.6,19,15.8,25.5,32.3,37.7,32.9,33.3,29.2,15.2,12.1,6.4,4.1,6.6,5.4,10.7,14.9,19,16.2,16,12.2,4.4,4.3,11.1,9.8,12.8,10.6,18.1,23.6,28.4,24.5,24.7,20.7,9.8,8.2,86,62,99,146,44,1,0,12,1,7,87,260,0,0,0,0,105,189,219,160,138,91,0,0
2003,DC 11,39.2615,-121.0137,754.65,15.8,13.9,16.9,13.5,22.8,29.8,34.7,31,31.6,27.5,13.5,11.2,4.7,1.1,3.6,2.5,7.9,12.6,17.1,14.7,14,9.8,1.9,2,10.2,7.5,10.2,8,15.4,21.2,25.9,22.9,22.8,18.7,7.7,6.6,127,96,159,260,64,1,1,25,4,12,129,412,0,0,0,0,74,176,201,138,130,82,0,0
2003,DC 12,39.26032,-121.01077,759.56,15.7,13.8,16.8,13.5,22.8,29.7,34.7,31,31.6,27.5,13.4,11.2,4.7,1,3.5,2.5,7.9,12.6,17,14.7,13.9,9.7,1.8,2,10.2,7.4,10.2,8,15.3,21.2,25.9,22.8,22.7,18.6,7.6,6.6,128,97,160,261,64,1,1,25,4,12,130,414,0,0,0,0,73,175,201,137,130,82,0,0
2003,DC 13,39.25901,-121.00943,762.44,15.7,13.8,16.8,13.4,22.7,29.7,34.7,30.9,31.5,27.5,13.4,11.1,4.6,1,3.5,2.5,7.9,12.5,17,14.7,13.9,9.7,1.8,1.9,10.2,7.4,10.1,7.9,15.3,21.1,25.8,22.8,22.7,18.6,7.6,6.5,128,97,160,262,64,1,1,25,4,12,130,415,0,0,0,0,73,175,201,137,130,82,0,0
2003,DC 15,39.201,-121.1772,426.16,16.3,15.4,18.6,15,24.5,31.3,36.6,32.3,32.8,28.8,15.2,12.4,6,3.2,5.6,4.7,10,14.3,18.6,16,15.7,11.7,3.8,3.8,11.2,9.3,12.1,9.9,17.2,22.8,27.6,24.1,24.2,20.3,9.5,8.1,94,69,117,183,50,1,1,15,2,8,102,306,0,0,0,0,94,183,211,154,135,89,0,0
2003,DC 16,39.22895,-121.24228,276.54,15.9,15.6,19,15.6,25.3,32.1,37.5,32.8,33.2,29.1,15.2,12.1,6.3,3.9,6.4,5.3,10.5,14.8,19,16.1,16,12.1,4.3,4.3,11.1,9.8,12.7,10.5,17.9,23.4,28.2,24.5,24.6,20.6,9.7,8.2,88,64,103,152,46,1,0,13,2,7,90,269,0,0,0,0,102,187,218,158,137,90,0,0
2004,DC 1,39.2957,-120.8865,957.96,9.9,9.7,19.2,19.4,22.2,27.8,31.3,31,28.1,19.4,13.5,11.2,-0.3,0,4.7,5,6.7,10.8,13.8,13.4,10.3,5.6,1.7,1.1,4.8,4.8,12,12.2,14.5,19.3,22.6,22.2,19.2,12.5,7.6,6.2,159,364,54,26,23,3,1,1,14,212,113,325,0,0,31,78,114,165,185,165,109,0,0,0
2004,DC 2,39.268166,-121.000817,766.85,11.6,11.6,20.7,20.7,23.5,29.1,32.7,32.4,29.4,21,15.2,13.2,0.7,1.1,5.9,6.2,8,12.1,15.3,14.9,11.7,6.8,2.7,2,6.2,6.3,13.3,13.5,15.8,20.6,24,23.6,20.6,13.9,8.9,7.6,154,357,51,25,19,2,1,1,13,181,105,298,0,0,39,84,123,171,191,170,114,0,0,0
2004,DC 4,39.2603646,-121.0320418,705.94,12.1,12.1,21.2,21.1,23.9,29.5,33.1,32.8,29.8,21.5,15.8,13.8,1.3,1.8,6.5,6.8,8.6,12.7,16,15.5,12.5,7.5,3.3,2.6,6.7,6.9,13.8,14,16.2,21.1,24.5,24.2,21.2,14.5,9.5,8.2,145,331,49,24,18,2,1,1,13,178,102,284,0,0,43,86,126,173,192,172,115,0,0,0
2004,DC 6,39.239,-121.1872,366.76,12.6,13.6,22.8,22.8,26,31.4,35.1,34.2,31.2,23,17.1,14.4,2.7,3.8,8.4,8.7,10.4,14.2,17.2,16.6,14.1,9.4,5,4.2,7.6,8.7,15.6,15.8,18.2,22.8,26.2,25.4,22.7,16.2,11,9.3,107,242,36,17,12,1,1,1,8,139,80,212,0,0,59,98,142,183,205,179,124,0,0,0
2004,DC 8,39.2302,-121.2442,247.16,12.1,13.6,23,23.1,26.7,31.9,35.6,34.4,31.3,23,17,14,2.9,4.2,9,9.2,10.8,14.5,17.4,16.8,14.2,9.8,5.3,4.4,7.5,8.9,16,16.1,18.7,23.2,26.5,25.6,22.8,16.4,11.1,9.2,97,228,33,15,10,1,1,1,6,125,71,185,0,0,63,101,147,186,208,180,126,0,0,0
2004,DC 9,39.2282,-121.2468,237.46,12,13.6,23,23.2,26.7,31.9,35.7,34.4,31.3,23,16.9,14,2.9,4.3,9,9.2,10.9,14.6,17.4,16.8,14.2,9.8,5.3,4.4,7.5,8.9,16,16.2,18.8,23.2,26.6,25.6,22.8,16.4,11.1,9.2,96,227,32,15,10,1,1,1,6,124,70,183,0,0,63,102,147,186,208,180,126,0,0,0
2004,DC 11,39.2615,-121.0137,754.65,11.7,11.7,20.8,20.8,23.6,29.2,32.7,32.5,29.5,21.2,15.4,13.4,0.9,1.3,6.1,6.4,8.2,12.3,15.6,15.1,12,7.1,2.9,2.2,6.3,6.5,13.4,13.6,15.9,20.7,24.1,23.8,20.7,14.1,9.1,7.8,152,349,50,25,19,2,1,1,13,180,104,294,0,0,40,85,124,171,191,170,114,0,0,0
2004,DC 12,39.26032,-121.01077,759.56,11.7,11.7,20.8,20.8,23.6,29.1,32.7,32.4,29.5,21.1,15.3,13.4,0.9,1.3,6,6.4,8.1,12.3,15.5,15.1,11.9,7,2.8,2.1,6.3,6.5,13.4,13.6,15.8,20.7,24.1,23.7,20.7,14.1,9.1,7.7,152,352,51,25,19,2,1,1,13,180,104,295,0,0,40,85,124,171,190,170,114,0,0,0
2004,DC 13,39.25901,-121.00943,762.44,11.7,11.6,20.8,20.7,23.5,29.1,32.7,32.4,29.4,21.1,15.3,13.3,0.8,1.2,6,6.4,8.1,12.2,15.5,15.1,11.9,7,2.8,2.1,6.3,6.4,13.4,13.5,15.8,20.7,24.1,23.7,20.7,14,9,7.7,153,353,51,25,19,2,1,1,13,180,104,295,0,0,40,84,124,171,190,170,114,0,0,0
2004,DC 15,39.201,-121.1772,426.16,12.5,13.4,22.5,22.4,25.7,30.9,34.5,33.8,30.8,22.6,16.9,14.3,2.5,3.5,8.1,8.5,10.2,14,17,16.5,13.8,9.2,4.7,3.9,7.5,8.4,15.3,15.4,17.9,22.4,25.8,25.2,22.3,15.9,10.8,9.1,109,251,38,18,12,1,1,1,9,143,84,215,0,0,57,96,140,180,200,176,121,0,0,0
2004,DC 16,39.22895,-121.24228,276.54,12.1,13.6,23,23,26.5,31.7,35.5,34.3,31.2,22.9,17,14.1,2.9,4.2,8.9,9.1,10.7,14.5,17.4,16.7,14.2,9.7,5.3,4.3,7.5,8.9,15.9,16,18.6,23.1,26.4,25.5,22.7,16.3,11.1,9.2,99,231,33,15,10,1,1,1,7,128,72,189,0,0,62,101,146,185,207,179,125,0,0,0
2005,DC 1,39.2957,-120.8865,957.96,10.2,12.3,14.9,16.3,20,23.4,33.1,32.1,26.1,21.4,15.9,10.8,0.9,2.2,2.6,2.5,7,8.2,15.4,14.3,9.2,6.4,3.9,2.2,5.5,7.2,8.8,9.4,13.5,15.8,24.3,23.2,17.7,13.9,9.9,6.5,252,143,284,104,156,55,1,2,18,42,153,565,0,0,0,0,0,88,195,170,97,33,0,0
2005,DC 2,39.268166,-121.000817,766.85,11.9,14.2,16.5,17.6,21.1,24.6,34.5,33.6,27.5,22.9,17.6,12.8,1.9,3.3,3.9,3.8,8.2,9.6,17,15.8,10.6,7.4,4.7,3,6.9,8.8,10.2,10.7,14.7,17.1,25.8,24.7,19.1,15.2,11.2,7.9,246,145,261,93,140,49,1,2,16,37,140,507,0,0,0,4,0,99,200,176,104,43,0,0
2005,DC 4,39.2603646,-121.0320418,705.94,12.4,14.8,17,18,21.5,25.1,35,34,28,23.4,18.2,13.4,2.4,3.9,4.5,4.4,8.8,10.2,17.7,16.4,11.3,8.1,5.3,3.6,7.4,9.4,10.7,11.2,15.1,17.7,26.3,25.2,19.6,15.7,11.8,8.5,231,135,249,88,131,46,1,2,16,36,136,480,0,0,0,10,0,103,201,177,105,45,0,0
2005,DC 6,39.239,-121.1872,366.76,13,16.3,18.6,19.5,23.4,27,37,35.6,29.4,24.8,19.6,14,3.8,5.9,6.6,6.2,10.6,11.8,19.1,17.5,12.8,9.8,6.7,5,8.4,11.1,12.6,12.9,17,19.4,28,26.6,21.1,17.3,13.2,9.5,170,101,176,60,93,39,1,1,9,28,102,348,0,0,0,43,41,120,214,186,116,56,0,0
2005,DC 8,39.2302,-121.2442,247.16,12.4,16.3,18.8,19.8,24,27.5,37.6,35.8,29.5,24.8,19.5,13.7,4,6.3,7.2,6.7,11,12.1,19.3,17.7,12.9,10.1,7,5.2,8.2,11.3,13,13.2,17.5,19.8,28.4,26.7,21.2,17.5,13.3,9.4,155,95,155,51,82,33,0,1,7,25,89,301,0,0,0,53,55,129,218,188,119,59,0,0
2005,DC 9,39.2282,-121.2468,237.46,12.4,16.3,18.8,19.9,24,27.5,37.6,35.8,29.5,24.9,19.5,13.6,4,6.4,7.2,6.7,11.1,12.2,19.3,17.7,12.9,10.1,7,5.2,8.2,11.3,13,13.3,17.5,19.9,28.5,26.7,21.2,17.5,13.3,9.4,154,95,153,50,81,32,0,1,7,25,88,298,0,0,0,53,57,129,218,188,119,59,0,0
2005,DC 11,39.2615,-121.0137,754.65,12.1,14.4,16.6,17.6,21.2,24.7,34.6,33.7,27.6,23.1,17.8,13,2,3.5,4.1,3.9,8.4,9.8,17.3,16,10.8,7.6,4.9,3.2,7.1,8.9,10.3,10.8,14.8,17.3,25.9,24.8,19.2,15.4,11.4,8.1,241,142,258,92,137,48,1,2,16,36,138,498,0,0,0,5,0,100,200,176,104,44,0,0
2005,DC 12,39.26032,-121.01077,759.56,12,14.3,16.5,17.6,21.2,24.7,34.5,33.6,27.6,23,17.8,12.9,2,3.4,4,3.9,8.3,9.8,17.2,16,10.8,7.6,4.9,3.1,7,8.9,10.3,10.7,14.7,17.2,25.9,24.8,19.2,15.3,11.3,8,243,143,259,92,137,48,1,2,16,36,139,500,0,0,0,5,0,100,200,176,104,44,0,0
2005,DC 13,39.25901,-121.00943,762.44,12,14.3,16.5,17.6,21.1,24.7,34.5,33.6,27.5,23,17.7,12.9,2,3.4,4,3.9,8.3,9.7,17.2,16,10.7,7.6,4.8,3.1,7,8.9,10.3,10.7,14.7,17.2,25.8,24.8,19.1,15.3,11.3,8,243,144,260,92,138,49,1,2,16,36,139,501,0,0,0,5,0,100,200,175,104,44,0,0
2005,DC 15,39.201,-121.1772,426.16,12.8,16,18.3,19.1,23,26.5,36.4,35.2,29,24.5,19.5,13.9,3.5,5.6,6.3,6,10.4,11.6,18.9,17.4,12.5,9.6,6.5,4.7,8.2,10.8,12.3,12.5,16.7,19,27.7,26.3,20.7,17,13,9.3,177,106,184,63,94,38,1,1,10,28,103,358,0,0,0,38,39,118,210,183,113,55,0,0
2005,DC 16,39.22895,-121.24228,276.54,12.5,16.3,18.8,19.7,23.8,27.3,37.4,35.7,29.4,24.7,19.5,13.7,3.9,6.2,7.1,6.6,10.9,12.1,19.3,17.6,12.9,10,7,5.1,8.2,11.3,12.9,13.1,17.4,19.7,28.3,26.7,21.1,17.4,13.2,9.4,158,97,158,52,83,34,0,1,7,25,91,308,0,0,0,51,53,127,216,187,118,58,0,0
2006,DC 1,39.2957,-120.8865,957.96,9.8,13.3,8.5,15,23.2,28.7,32.9,30.6,28.2,21,13.4,10.5,1,0.7,-0.9,3.8,8.1,12.3,15.5,13,10.8,5.8,3.1,0.7,5.4,7,3.8,9.4,15.7,20.5,24.2,21.8,19.5,13.4,8.3,5.6,262,237,408,314,38,4,1,1,3,13,149,212,0,0,0,0,102,166,192,163,119,62,0,0
2006,DC 2,39.268166,-121.000817,766.85,11.8,15.2,10,16.1,24.4,30,34.4,32,29.5,22.6,15.2,12.4,2,1.8,0.3,5.1,9.3,13.6,17.2,14.4,12.1,6.8,4,1.4,6.9,8.5,5.2,10.6,16.9,21.8,25.8,23.2,20.8,14.7,9.6,6.9,240,217,385,292,36,3,1,1,3,10,132,202,0,0,0,0,109,173,198,169,124,69,0,0
2006,DC 4,39.2603646,-121.0320418,705.94,12.3,15.7,10.5,16.5,24.8,30.4,34.8,32.4,29.9,23,15.7,13,2.6,2.4,0.9,5.6,9.9,14.1,17.8,15,12.8,7.4,4.5,2,7.5,9.1,5.7,11.1,17.3,22.3,26.3,23.7,21.4,15.2,10.1,7.5,222,197,369,279,34,3,1,1,3,9,127,194,0,0,0,0,112,175,200,170,125,71,0,0
2006,DC 6,39.239,-121.1872,366.76,13.2,17.2,12.1,17.9,26.7,32.3,37,33.9,31.3,24.4,17,13.6,4,4.2,3.1,7.5,11.7,15.6,19.2,16.1,14.2,9.1,6,3.4,8.6,10.7,7.6,12.7,19.2,24,28.1,25,22.7,16.7,11.5,8.5,152,131,271,199,26,2,1,1,1,6,92,150,0,0,0,0,128,186,213,179,130,77,0,0
2006,DC 8,39.2302,-121.2442,247.16,12.8,17.2,12.3,18.1,27.4,32.9,37.6,34.1,31.3,24.4,16.9,13.3,4.3,4.7,3.7,8,12.1,15.9,19.5,16.1,14.3,9.4,6.3,3.6,8.5,10.9,8,13.1,19.7,24.4,28.5,25.1,22.8,16.9,11.6,8.4,135,119,242,173,24,1,0,1,1,5,79,133,0,0,0,0,134,189,217,180,131,77,0,0
2006,DC 9,39.2282,-121.2468,237.46,12.7,17.2,12.3,18.2,27.4,32.9,37.6,34.1,31.3,24.4,16.9,13.2,4.3,4.7,3.8,8,12.1,16,19.6,16.1,14.3,9.4,6.4,3.6,8.5,10.9,8,13.1,19.8,24.4,28.6,25.1,22.8,16.9,11.6,8.4,133,119,240,171,24,1,0,1,1,5,78,131,0,0,0,0,135,189,217,180,131,77,0,0
2006,DC 11,39.2615,-121.0137,754.65,11.9,15.3,10.1,16.2,24.5,30.1,34.5,32.1,29.6,22.7,15.3,12.6,2.2,2,0.5,5.2,9.5,13.8,17.4,14.6,12.4,7,4.2,1.6,7.1,8.7,5.3,10.7,17,21.9,25.9,23.3,21,14.8,9.7,7.1,234,210,381,288,36,3,1,1,3,10,130,199,0,0,0,0,109,173,198,169,124,70,0,0
2006,DC 12,39.26032,-121.01077,759.56,11.9,15.3,10.1,16.1,24.4,30,34.4,32,29.5,22.6,15.3,12.6,2.2,1.9,0.5,5.2,9.5,13.7,17.4,14.6,12.3,6.9,4.1,1.6,7,8.6,5.3,10.7,16.9,21.9,25.9,23.3,20.9,14.8,9.7,7.1,235,212,382,289,36,3,1,1,3,10,131,200,0,0,0,0,109,173,198,169,124,70,0,0
2006,DC 13,39.25901,-121.00943,762.44,11.9,15.2,10.1,16.1,24.4,30,34.4,32,29.5,22.6,15.2,12.5,2.1,1.9,0.4,5.2,9.5,13.7,17.3,14.6,12.3,6.9,4.1,1.5,7,8.6,5.2,10.6,16.9,21.9,25.9,23.3,20.9,14.8,9.7,7,236,213,383,289,36,3,1,1,3,10,131,200,0,0,0,0,109,173,198,169,124,70,0,0
2006,DC 15,39.201,-121.1772,426.16,13.1,17,11.9,17.5,26.3,31.8,36.4,33.4,30.8,24,16.9,13.6,3.8,4,2.8,7.3,11.4,15.4,19.1,15.9,14,8.9,5.8,3.1,8.5,10.5,7.3,12.4,18.9,23.6,27.8,24.7,22.4,16.5,11.4,8.3,156,135,282,209,27,2,1,1,2,7,94,152,0,0,0,0,126,182,209,176,128,75,0,0
2006,DC 16,39.22895,-121.24228,276.54,12.8,17.2,12.2,18,27.2,32.7,37.4,34,31.2,24.3,16.9,13.3,4.2,4.6,3.6,7.9,12,15.9,19.5,16.1,14.3,9.3,6.3,3.6,8.5,10.9,7.9,12.9,19.6,24.3,28.4,25,22.8,16.8,11.6,8.4,137,121,248,178,24,1,0,1,1,6,81,135,0,0,0,0,133,188,215,179,130,77,0,0
2007,DC 1,39.2957,-120.8865,957.96,11.4,11.2,18.3,18.5,23.8,27.5,31.4,31.4,25.5,19,17.4,8,-1.3,1.5,3.8,4,7.8,10.8,14.3,13.9,9.6,5.8,4,-1.3,5.1,6.4,11.1,11.3,15.8,19.2,22.9,22.7,17.5,12.4,10.7,3.4,41,435,45,102,37,12,2,2,32,115,39,220,0,0,38,0,108,154,183,166,79,0,6,0
2007,DC 2,39.268166,-121.000817,766.85,13.4,13,19.8,19.8,24.8,28.8,32.6,32.8,26.9,20.5,19.2,10.2,-0.4,2.5,4.9,5.2,9,12.1,15.8,15.4,10.9,6.8,4.9,-0.3,6.5,7.7,12.4,12.5,16.9,20.4,24.2,24.1,18.9,13.7,12,4.9,35,409,39,97,34,10,3,2,30,98,35,207,3,0,49,9,115,162,187,172,85,0,14,0
2007,DC 4,39.2603646,-121.0320418,705.94,13.9,13.6,20.3,20.2,25.2,29.2,33,33.2,27.3,21,19.8,10.8,0.1,3.1,5.5,5.8,9.6,12.6,16.4,16,11.6,7.5,5.5,0.3,7,8.3,12.9,13,17.4,20.9,24.7,24.6,19.4,14.2,12.6,5.5,32,375,36,93,32,9,3,1,31,95,34,199,7,0,53,14,118,164,188,173,85,0,16,0
2007,DC 6,39.239,-121.1872,366.76,14.7,14.9,21.9,21.8,27.1,31.1,35,34.6,28.7,22.3,21.1,11.7,1.3,4.8,7.3,7.6,11.3,14,17.5,17,13,9.2,6.9,2,8,9.9,14.6,14.7,19.2,22.5,26.3,25.8,20.8,15.7,14,6.8,18,259,24,68,24,7,2,1,19,73,26,151,22,0,70,45,135,176,201,181,101,2,26,0
2007,DC 8,39.2302,-121.2442,247.16,14.3,14.9,22.1,22.1,27.7,31.6,35.4,34.8,28.7,22.3,21,11.4,1.5,5.2,7.9,8,11.7,14.3,17.7,17.1,13.1,9.5,7.2,2.2,7.9,10.1,15,15,19.7,23,26.6,25.9,20.9,15.9,14.1,6.8,15,240,20,59,21,6,1,1,15,65,23,133,24,0,73,54,141,180,205,182,106,9,29,0
2007,DC 9,39.2282,-121.2468,237.46,14.3,14.9,22.1,22.2,27.7,31.6,35.5,34.8,28.7,22.3,21,11.3,1.5,5.3,7.9,8,11.7,14.4,17.7,17.1,13.1,9.5,7.2,2.2,7.9,10.1,15,15.1,19.7,23,26.6,25.9,20.9,15.9,14.1,6.8,15,238,20,59,21,6,1,1,14,64,22,131,24,0,73,55,141,180,205,182,106,10,29,0
2007,DC 11,39.2615,-121.0137,754.65,13.6,13.2,19.9,19.9,24.9,28.9,32.7,32.9,27,20.6,19.3,10.4,-0.3,2.6,5.1,5.4,9.2,12.3,16,15.6,11.1,7,5.1,-0.1,6.6,7.9,12.5,12.6,17.1,20.6,24.3,24.2,19,13.8,12.2,5.1,34,398,38,96,33,9,3,2,30,97,35,205,4,0,50,10,116,162,187,172,85,0,14,0
2007,DC 12,39.26032,-121.01077,759.56,13.5,13.1,19.9,19.8,24.9,28.8,32.6,32.8,26.9,20.6,19.3,10.3,-0.3,2.6,5.1,5.3,9.2,12.2,15.9,15.5,11.1,7,5.1,-0.2,6.6,7.9,12.5,12.6,17,20.5,24.3,24.2,19,13.8,12.2,5.1,34,401,38,96,34,9,3,2,30,97,35,206,4,0,50,10,115,162,187,172,85,0,14,0
2007,DC 13,39.25901,-121.00943,762.44,13.5,13.1,19.9,19.8,24.9,28.8,32.6,32.8,26.9,20.6,19.2,10.3,-0.3,2.6,5,5.3,9.1,12.2,15.9,15.5,11,7,5,-0.2,6.6,7.8,12.4,12.5,17,20.5,24.3,24.1,19,13.8,12.1,5,35,403,38,96,34,9,3,2,30,97,35,206,4,0,50,10,115,162,187,171,85,0,14,0
2007,DC 15,39.201,-121.1772,426.16,14.6,14.7,21.6,21.4,26.7,30.6,34.4,34.2,28.2,21.9,20.9,11.6,1.1,4.5,7,7.3,11.1,13.8,17.4,16.9,12.8,9,6.7,1.7,7.8,9.6,14.3,14.3,18.9,22.2,25.9,25.5,20.5,15.5,13.8,6.6,19,269,25,71,24,7,2,1,20,74,27,154,21,0,68,39,133,173,197,178,99,0,25,0
2007,DC 16,39.22895,-121.24228,276.54,14.4,14.9,22.1,22,27.5,31.4,35.3,34.7,28.6,22.2,21,11.4,1.4,5.1,7.8,7.9,11.6,14.3,17.7,17.1,13.1,9.4,7.2,2.2,7.9,10,14.9,14.9,19.6,22.8,26.5,25.9,20.9,15.8,14.1,6.8,15,243,21,61,21,6,1,1,15,66,23,136,24,0,73,52,139,178,204,181,104,8,29,0
2008,DC 1,39.2957,-120.8865,957.96,7.6,11.7,14.9,17.5,22.5,28,31.7,31.9,29.6,22.6,16.5,9.2,-0.9,0.2,1.6,2.4,7.8,11.2,14.4,14.5,11.9,7.4,4.9,-1,3.4,5.9,8.3,9.9,15.1,19.6,23.1,23.2,20.8,15,10.7,4.1,413,214,51,17,17,1,1,2,1,76,141,203,0,0,20,82,119,166,187,168,127,3,0,0
2008,DC 2,39.268166,-121.000817,766.85,9.6,13.5,16.6,18.9,23.8,29.3,33.1,33.3,31,24.2,18.2,11.1,0.2,1.2,2.7,3.6,9,12.6,16,16,13.2,8.4,5.8,-0.2,4.9,7.3,9.6,11.2,16.4,20.9,24.5,24.6,22.1,16.3,12,5.4,394,205,45,15,14,1,1,2,1,66,122,184,0,0,32,89,128,173,192,173,131,17,0,0
2008,DC 4,39.2603646,-121.0320418,705.94,10.1,14,17.1,19.3,24.2,29.8,33.5,33.7,31.4,24.7,18.7,11.6,0.7,1.8,3.3,4.2,9.6,13.1,16.6,16.6,13.9,9,6.3,0.4,5.4,7.9,10.2,11.7,16.9,21.5,25.1,25.1,22.6,16.9,12.5,6,369,189,42,14,13,1,1,1,1,65,116,174,0,0,36,91,131,174,193,175,132,19,0,0
2008,DC 6,39.239,-121.1872,366.76,11,15.3,18.8,21,26.4,31.7,35.5,35.1,32.7,26.1,20,12.2,2.1,3.6,5.2,6,11.5,14.6,17.9,17.7,15.2,10.7,7.8,1.8,6.5,9.4,12,13.5,18.9,23.2,26.7,26.4,24,18.4,13.9,7,266,134,28,9,8,1,1,1,1,52,81,126,0,0,55,102,145,185,206,182,137,36,0,0
2008,DC 8,39.2302,-121.2442,247.16,10.6,15.2,19,21.3,27.1,32.3,36,35.3,32.8,26.1,19.9,11.8,2.4,4,5.8,6.5,11.9,14.9,18.1,17.7,15.3,11,8.1,2,6.5,9.6,12.4,13.9,19.5,23.6,27.1,26.5,24.1,18.6,14,6.9,240,125,24,8,7,1,0,1,1,47,69,109,0,0,59,104,150,188,209,183,137,40,0,0
2008,DC 9,39.2282,-121.2468,237.46,10.5,15.2,19,21.4,27.1,32.3,36.1,35.3,32.8,26.1,19.9,11.7,2.4,4.1,5.9,6.5,11.9,15,18.1,17.7,15.3,11,8.1,2,6.5,9.6,12.4,13.9,19.5,23.7,27.1,26.5,24.1,18.6,14,6.9,238,125,23,8,7,1,0,1,1,47,68,107,0,0,59,105,150,188,209,184,137,40,0,0
2008,DC 11,39.2615,-121.0137,754.65,9.7,13.6,16.7,19,23.9,29.4,33.1,33.4,31.1,24.4,18.3,11.2,0.3,1.4,2.9,3.8,9.2,12.8,16.2,16.2,13.4,8.6,6,0,5,7.5,9.8,11.4,16.6,21.1,24.7,24.8,22.2,16.5,12.1,5.6,386,201,44,15,13,1,1,2,1,66,120,181,0,0,33,90,129,173,192,173,131,18,0,0
2008,DC 12,39.26032,-121.01077,759.56,9.7,13.6,16.6,18.9,23.9,29.4,33.1,33.3,31,24.3,18.3,11.2,0.3,1.3,2.9,3.7,9.2,12.7,16.1,16.1,13.4,8.6,5.9,0,5,7.5,9.7,11.3,16.5,21,24.6,24.7,22.2,16.5,12.1,5.6,388,202,44,15,13,1,1,2,1,66,120,181,0,0,33,89,129,173,192,173,131,18,0,0
2008,DC 13,39.25901,-121.00943,762.44,9.7,13.5,16.6,18.9,23.9,29.4,33.1,33.3,31,24.3,18.2,11.2,0.3,1.3,2.8,3.7,9.2,12.7,16.1,16.1,13.3,8.6,5.9,-0.1,5,7.4,9.7,11.3,16.5,21,24.6,24.7,22.2,16.4,12.1,5.6,389,203,44,15,13,1,1,2,1,66,120,182,0,0,33,89,128,173,192,173,131,18,0,0
2008,DC 15,39.201,-121.1772,426.16,10.9,15,18.5,20.6,26,31.3,34.9,34.7,32.3,25.7,19.8,12,2,3.3,4.9,5.8,11.2,14.4,17.7,17.5,15,10.5,7.6,1.5,6.4,9.2,11.7,13.2,18.6,22.8,26.3,26.1,23.6,18.1,13.7,6.8,273,140,28,10,8,1,1,1,1,54,84,128,0,0,54,100,143,182,201,179,135,33,0,0
2008,DC 16,39.22895,-121.24228,276.54,10.6,15.2,19,21.2,26.9,32.1,35.9,35.2,32.7,26,19.9,11.8,2.4,4,5.7,6.4,11.8,14.9,18.1,17.7,15.3,10.9,8.1,2,6.5,9.6,12.3,13.8,19.4,23.5,27,26.5,24,18.5,14,6.9,244,127,24,8,7,1,0,1,1,48,70,111,0,0,59,104,149,187,208,182,137,39,0,0
2009,DC 1,39.2957,-120.8865,957.96,13.7,10.3,13.5,17.5,24,25.2,31.8,30.5,30,19.5,15.4,8.8,1.7,0.7,1,3.2,9.5,10.4,14.6,13.8,12.8,5.7,2.9,-0.8,7.7,5.5,7.2,10.3,16.8,17.8,23.2,22.2,21.4,12.6,9.2,4,116,365,263,57,141,24,1,2,10,138,72,212,0,0,0,41,0,126,186,159,118,0,0,0
2009,DC 2,39.268166,-121.000817,766.85,15.5,12.1,15,18.8,25.1,26.6,33.2,31.9,31.4,21,17.1,10.8,2.5,1.7,2.1,4.4,10.7,11.7,16.1,15.3,14.1,6.8,3.8,0.1,9,6.9,8.6,11.6,17.9,19.1,24.6,23.6,22.7,13.9,10.4,5.5,114,362,227,54,127,21,1,2,10,120,64,188,0,0,0,48,19,136,192,165,122,0,0,0
2009,DC 4,39.2603646,-121.0320418,705.94,16,12.7,15.5,19.2,25.4,27.1,33.6,32.3,31.8,21.5,17.6,11.4,3,2.3,2.7,4.9,11.3,12.3,16.7,15.9,14.8,7.5,4.3,0.8,9.5,7.5,9.1,12.1,18.4,19.7,25.1,24.1,23.3,14.5,11,6.1,107,336,213,52,119,19,1,2,11,118,62,177,0,0,0,51,28,138,193,167,122,0,0,0
2009,DC 6,39.239,-121.1872,366.76,16.5,14,17.1,20.8,27.4,29,35.6,33.8,33.2,22.7,18.8,12,4.1,4,4.7,6.7,12.9,13.7,17.8,17,16.2,9.3,5.7,2.4,10.3,9,10.9,13.8,20.1,21.4,26.7,25.4,24.7,16,12.3,7.2,79,247,139,39,84,16,1,1,8,94,46,127,0,0,0,70,71,152,207,175,130,0,2,0
2009,DC 8,39.2302,-121.2442,247.16,16,14,17.3,21.1,28,29.6,36.2,34,33.2,22.7,18.7,11.7,4.2,4.4,5.3,7.1,13.3,14,18,17,16.3,9.7,6,2.6,10.1,9.2,11.3,14.1,20.6,21.8,27.1,25.5,24.8,16.2,12.3,7.1,72,233,119,34,74,13,0,1,6,85,40,110,0,0,0,76,85,158,211,176,132,0,7,0
2009,DC 9,39.2282,-121.2468,237.46,16,14,17.3,21.2,28,29.6,36.2,34,33.2,22.7,18.7,11.6,4.2,4.5,5.3,7.2,13.3,14,18,17.1,16.3,9.7,6,2.6,10.1,9.2,11.3,14.2,20.7,21.8,27.1,25.5,24.8,16.2,12.4,7.1,71,232,118,34,73,13,0,1,6,85,39,108,0,0,0,76,86,158,211,176,132,0,8,0
2009,DC 11,39.2615,-121.0137,754.65,15.6,12.3,15.1,18.8,25.2,26.7,33.2,32,31.5,21.1,17.2,11,2.6,1.9,2.3,4.5,10.9,11.9,16.3,15.5,14.4,7.1,4,0.4,9.1,7.1,8.7,11.7,18,19.3,24.8,23.7,22.9,14.1,10.6,5.7,112,354,222,54,124,20,1,2,11,119,64,184,0,0,0,48,22,136,192,165,122,0,0,0
2009,DC 12,39.26032,-121.01077,759.56,15.6,12.2,15.1,18.8,25.1,26.6,33.2,31.9,31.4,21.1,17.1,10.9,2.6,1.8,2.3,4.5,10.8,11.8,16.2,15.4,14.3,7,3.9,0.3,9.1,7,8.7,11.6,18,19.2,24.7,23.7,22.9,14,10.5,5.6,113,357,223,54,125,20,1,2,11,119,64,185,0,0,0,48,21,136,192,165,122,0,0,0
2009,DC 13,39.25901,-121.00943,762.44,15.6,12.2,15.1,18.8,25.1,26.6,33.2,31.9,31.4,21.1,17.1,10.9,2.6,1.8,2.2,4.5,10.8,11.8,16.2,15.4,14.3,7,3.9,0.3,9.1,7,8.7,11.6,17.9,19.2,24.7,23.6,22.8,14,10.5,5.6,113,358,224,54,125,20,1,2,11,119,64,186,0,0,0,48,21,136,192,165,122,0,0,0
2009,DC 15,39.201,-121.1772,426.16,16.4,13.8,16.9,20.4,27,28.5,35.1,33.4,32.7,22.4,18.7,12,3.8,3.7,4.4,6.5,12.7,13.5,17.6,16.8,16,9.1,5.5,2.1,10.1,8.8,10.6,13.4,19.8,21,26.4,25.1,24.3,15.8,12.1,7,82,255,145,42,85,15,1,1,8,98,47,131,0,0,0,65,69,150,203,172,128,0,0,0
2009,DC 16,39.22895,-121.24228,276.54,16.1,14,17.3,21,27.8,29.4,36,33.9,33.1,22.6,18.7,11.7,4.1,4.3,5.2,7.1,13.2,14,18,17,16.3,9.6,6,2.6,10.1,9.2,11.2,14,20.5,21.7,27,25.5,24.7,16.1,12.3,7.1,73,236,122,35,75,14,0,1,6,87,40,112,0,0,0,74,83,156,209,175,131,0,6,0
2010,DC 1,39.2957,-120.8865,957.96,10.3,11.4,13.7,13.7,17.3,25.3,31.2,29.4,28.2,20.6,13.1,9,2.2,1.9,1.3,2,4.1,10.7,14.2,12.4,11,8.2,1.8,1.6,6.3,6.6,7.5,7.8,10.7,18,22.7,20.9,19.6,14.4,7.5,5.3,310,185,178,257,98,8,1,2,1,237,258,518,0,0,0,0,14,142,183,156,121,0,0,0
2010,DC 2,39.268166,-121.000817,766.85,12,13,15.1,14.9,18.6,26.7,32.6,30.7,29.5,22.2,15,11,3.1,2.9,2.5,3.2,5.3,12.1,15.7,13.9,12.3,9.2,2.9,2.5,7.5,8,8.8,9,12,19.4,24.2,22.3,20.9,15.7,8.9,6.8,309,184,157,245,88,7,1,2,2,191,225,465,0,0,0,0,29,149,189,161,124,0,0,0
2010,DC 4,39.2603646,-121.0320418,705.94,12.5,13.5,15.6,15.3,19,27.2,33,31.1,29.9,22.7,15.6,11.6,3.6,3.5,3.1,3.8,5.9,12.7,16.4,14.5,13,9.7,3.5,3.1,8,8.5,9.3,9.5,12.4,19.9,24.7,22.8,21.5,16.2,9.5,7.4,293,171,148,235,83,6,1,2,2,185,216,441,0,0,0,0,35,151,190,163,125,0,0,0
2010,DC 6,39.239,-121.1872,366.76,13,14.7,17.2,16.7,21,29.1,35,32.6,31.1,24.1,17,12.3,4.8,5.3,5,5.6,7.8,14.2,17.7,15.6,14.5,11.4,5.2,4.8,8.9,10,11.1,11.2,14.4,21.7,26.4,24.1,22.8,17.7,11.1,8.5,223,127,99,171,59,4,1,1,2,131,152,318,0,0,0,0,68,163,202,171,129,0,0,0
2010,DC 8,39.2302,-121.2442,247.16,12.4,14.6,17.3,17,21.7,29.7,35.5,32.8,31.1,24.1,17,12,5,5.7,5.6,6.1,8.2,14.5,17.9,15.6,14.6,11.7,5.5,5,8.7,10.2,11.5,11.5,14.9,22.1,26.7,24.2,22.9,17.9,11.3,8.5,205,121,86,150,52,4,0,1,1,114,129,274,0,0,0,0,78,167,206,172,129,0,0,0
2010,DC 9,39.2282,-121.2468,237.46,12.4,14.6,17.3,17.1,21.7,29.7,35.6,32.8,31.1,24.1,17,12,5,5.8,5.6,6.1,8.3,14.6,17.9,15.7,14.6,11.7,5.5,5,8.7,10.2,11.5,11.6,15,22.1,26.7,24.2,22.9,17.9,11.3,8.5,203,120,85,148,51,3,0,1,1,112,127,271,0,0,0,0,78,167,206,172,129,0,0,0
2010,DC 11,39.2615,-121.0137,754.65,12.1,13.2,15.2,14.9,18.7,26.8,32.6,30.8,29.6,22.3,15.1,11.2,3.3,3.1,2.7,3.4,5.5,12.3,16,14.1,12.6,9.4,3.1,2.7,7.7,8.1,8.9,9.2,12.1,19.5,24.3,22.4,21.1,15.8,9.1,6.9,303,180,154,242,86,6,1,2,2,189,222,457,0,0,0,0,31,149,189,161,124,0,0,0
2010,DC 12,39.26032,-121.01077,759.56,12.1,13.1,15.2,14.9,18.6,26.7,32.6,30.8,29.5,22.3,15.1,11.2,3.2,3,2.6,3.3,5.5,12.2,15.9,14,12.5,9.3,3,2.6,7.7,8.1,8.9,9.1,12,19.5,24.3,22.4,21,15.8,9,6.9,305,182,155,243,87,6,1,2,2,189,223,459,0,0,0,0,30,149,188,161,124,0,0,0
2010,DC 13,39.25901,-121.00943,762.44,12.1,13.1,15.2,14.9,18.6,26.7,32.6,30.7,29.5,22.3,15,11.1,3.2,3,2.6,3.3,5.5,12.2,15.9,14,12.5,9.3,3,2.6,7.6,8,8.9,9.1,12,19.5,24.2,22.4,21,15.8,9,6.9,305,183,156,244,87,6,1,2,2,189,223,460,0,0,0,0,30,149,188,161,124,0,0,0
2010,DC 15,39.201,-121.1772,426.16,12.9,14.5,16.9,16.3,20.7,28.7,34.4,32.2,30.7,23.7,16.9,12.3,4.6,5,4.7,5.4,7.5,14,17.5,15.4,14.3,11.2,4.9,4.5,8.7,9.8,10.8,10.9,14.1,21.3,25.9,23.8,22.5,17.5,10.9,8.4,226,134,104,180,61,4,1,1,2,134,158,325,0,0,0,0,64,160,198,168,127,0,0,0
2010,DC 16,39.22895,-121.24228,276.54,12.5,14.6,17.3,16.9,21.5,29.5,35.4,32.7,31,24,17,12,4.9,5.7,5.5,6,8.1,14.5,17.9,15.6,14.6,11.6,5.5,5,8.7,10.1,11.4,11.4,14.8,22,26.6,24.2,22.8,17.8,11.2,8.5,208,122,88,154,53,4,0,1,2,116,132,280,0,0,0,0,76,165,205,171,128,0,0,0
2011,DC 1,39.2957,-120.8865,957.96,12,10,10.6,15,17.6,23.3,29,30.6,30,21.1,12.9,12.1,1,-1.1,1.6,2.6,4.5,9.2,13.2,13.4,13.2,7.2,1.7,0.4,6.5,4.5,6.1,8.8,11.1,16.3,21.1,22,21.6,14.1,7.3,6.2,151,365,597,142,145,109,1,1,28,206,136,21,0,0,0,0,0,31,169,163,99,0,0,10
2011,DC 2,39.268166,-121.000817,766.85,13.7,11.9,12.1,16.4,18.8,24.6,30.3,31.9,31.3,22.6,14.6,14.1,1.8,0.1,2.7,3.9,5.7,10.6,14.8,14.8,14.4,8.2,2.7,1.1,7.7,6,7.4,10.2,12.3,17.6,22.6,23.4,22.9,15.4,8.6,7.6,144,348,553,123,134,94,1,1,25,181,127,25,0,0,0,0,0,51,174,168,107,0,0,10
2011,DC 4,39.2603646,-121.0320418,705.94,14.1,12.5,12.5,16.8,19.2,25,30.8,32.3,31.7,23.1,15.2,14.7,2.3,0.7,3.3,4.6,6.3,11.2,15.5,15.4,15.1,8.9,3.3,1.7,8.2,6.6,7.9,10.7,12.8,18.1,23.1,23.9,23.4,16,9.2,8.2,135,320,528,115,127,88,1,1,25,179,124,26,0,0,0,0,0,59,176,169,107,0,0,10
2011,DC 6,39.239,-121.1872,366.76,14.5,14,14.1,18.5,21.2,26.9,32.8,33.8,33.1,24.4,16.4,15.5,3.5,2.7,5.1,6.5,8.1,12.8,16.9,16.5,16.5,10.6,4.8,3.1,9,8.3,9.6,12.5,14.7,19.9,24.8,25.1,24.8,17.5,10.6,9.3,99,227,378,74,94,71,0,1,14,145,98,25,0,0,0,22,33,84,188,176,122,0,0,12
2011,DC 8,39.2302,-121.2442,247.16,13.9,14,14.3,18.9,21.9,27.4,33.4,33.9,33.2,24.4,16.3,15.1,3.7,3.1,5.7,7,8.5,13.2,17.1,16.5,16.6,10.9,5.1,3.2,8.8,8.6,10,12.9,15.2,20.3,25.2,25.2,24.9,17.7,10.7,9.2,91,212,335,62,84,60,0,1,11,132,87,23,0,0,0,35,46,97,191,177,126,0,0,12
2011,DC 9,39.2282,-121.2468,237.46,13.9,14,14.3,18.9,21.9,27.4,33.4,33.9,33.2,24.4,16.3,15.1,3.7,3.2,5.8,7,8.5,13.3,17.1,16.5,16.6,10.9,5.1,3.2,8.8,8.6,10,12.9,15.2,20.3,25.3,25.2,24.9,17.7,10.7,9.1,90,211,332,61,84,59,0,1,11,131,86,23,0,0,0,36,47,98,191,177,126,0,0,12
2011,DC 11,39.2615,-121.0137,754.65,13.8,12.1,12.2,16.5,18.9,24.7,30.4,32,31.4,22.8,14.8,14.3,2,0.3,2.9,4.1,5.9,10.8,15.1,15,14.7,8.4,2.9,1.3,7.9,6.2,7.5,10.3,12.4,17.8,22.7,23.5,23,15.6,8.8,7.8,141,339,546,120,131,91,1,1,25,180,126,26,0,0,0,0,0,54,174,168,107,0,0,10
2011,DC 12,39.26032,-121.01077,759.56,13.7,12,12.1,16.4,18.9,24.6,30.4,32,31.4,22.7,14.7,14.3,1.9,0.2,2.9,4.1,5.9,10.8,15,15,14.6,8.4,2.8,1.3,7.8,6.1,7.5,10.3,12.4,17.7,22.7,23.5,23,15.6,8.8,7.8,142,342,548,120,132,92,1,1,24,180,127,26,0,0,0,0,0,53,174,168,107,0,0,10
2011,DC 13,39.25901,-121.00943,762.44,13.7,12,12.1,16.4,18.8,24.6,30.3,31.9,31.3,22.7,14.7,14.2,1.9,0.2,2.8,4.1,5.9,10.7,15,15,14.6,8.4,2.8,1.2,7.8,6.1,7.5,10.2,12.4,17.7,22.7,23.4,23,15.5,8.7,7.7,142,343,549,121,132,92,1,1,24,180,127,26,0,0,0,0,0,53,174,167,107,0,0,9
2011,DC 15,39.201,-121.1772,426.16,14.3,13.8,13.9,18.1,20.9,26.4,32.3,33.3,32.7,24.1,16.3,15.3,3.3,2.3,4.9,6.3,7.9,12.6,16.7,16.3,16.2,10.4,4.6,2.7,8.8,8.1,9.4,12.2,14.4,19.5,24.5,24.8,24.5,17.2,10.4,9,102,237,395,76,96,71,1,1,15,149,102,26,0,0,0,18,29,80,184,173,120,0,0,10
2011,DC 16,39.22895,-121.24228,276.54,14,14,14.2,18.7,21.7,27.2,33.2,33.8,33.1,24.3,16.3,15.2,3.6,3,5.6,6.9,8.4,13.2,17.1,16.5,16.6,10.8,5.1,3.1,8.8,8.5,9.9,12.8,15.1,20.2,25.1,25.2,24.9,17.6,10.7,9.2,92,215,343,64,86,62,0,1,12,135,89,24,0,0,0,33,43,94,190,176,125,0,0,12
2012,DC 1,39.2957,-120.8865,957.96,12.9,12.3,11.4,17.1,23,26.1,30.3,32.9,30.4,21.9,14.9,8,1.3,0.4,1.9,4.2,7.7,10.2,13.4,15,13.1,7.6,4.4,-0.2,7.1,6.3,6.7,10.7,15.3,18.2,21.8,23.9,21.8,14.7,9.7,3.9,281,167,519,236,33,48,5,7,6,108,361,488,0,0,0,0,107,110,175,168,124,0,0,0
2012,DC 2,39.268166,-121.000817,766.85,14.8,14.2,12.9,18.3,24.1,27.4,31.6,34.2,31.7,23.3,16.6,10.1,2.1,1.5,2.9,5.4,8.9,11.5,14.9,16.4,14.3,8.6,5.3,0.7,8.5,7.8,7.9,11.8,16.5,19.5,23.2,25.3,23,16,11,5.4,274,161,486,224,28,40,5,6,5,94,331,445,0,0,0,0,117,123,180,174,129,0,0,0
2012,DC 4,39.2603646,-121.0320418,705.94,15.3,14.7,13.3,18.6,24.5,27.9,32,34.6,32.1,23.8,17.2,10.8,2.6,2.1,3.5,6,9.5,12.1,15.5,17,15,9.2,5.9,1.3,9,8.4,8.4,12.3,17,20,23.8,25.8,23.5,16.5,11.5,6,258,148,465,215,26,38,5,5,5,93,322,424,0,0,0,0,120,127,181,176,130,0,0,0
2012,DC 6,39.239,-121.1872,366.76,16,16.2,14.9,20.1,26.5,29.8,34.1,36,33.5,25,18.5,11.6,3.7,3.9,5.3,7.7,11.3,13.5,16.7,18.1,16.2,10.9,7.4,3,9.8,10.1,10.1,13.9,18.9,21.6,25.4,27,24.8,17.9,13,7.3,194,107,339,158,17,29,2,3,2,73,244,314,0,0,0,0,137,145,196,185,137,9,0,0
2012,DC 8,39.2302,-121.2442,247.16,15.6,16.2,15.1,20.3,27.1,30.3,34.6,36.1,33.5,25,18.4,11.4,3.8,4.3,5.8,8.2,11.7,13.8,16.9,18.1,16.2,11.2,7.7,3.3,9.7,10.3,10.4,14.2,19.4,22.1,25.7,27.1,24.9,18.1,13,7.3,178,100,302,139,14,24,1,2,2,66,212,273,0,0,0,0,143,153,200,187,138,16,0,0
2012,DC 9,39.2282,-121.2468,237.46,15.5,16.2,15.1,20.4,27.1,30.3,34.6,36.1,33.5,25,18.4,11.3,3.8,4.4,5.8,8.2,11.7,13.9,17,18.1,16.2,11.2,7.7,3.3,9.6,10.3,10.4,14.3,19.4,22.1,25.8,27.1,24.9,18.1,13.1,7.3,177,100,299,137,14,24,1,2,2,66,210,270,0,0,0,0,143,154,201,187,138,16,0,0
2012,DC 11,39.2615,-121.0137,754.65,14.9,14.3,13,18.3,24.2,27.5,31.7,34.2,31.8,23.4,16.8,10.3,2.3,1.6,3.1,5.6,9.1,11.7,15.1,16.6,14.5,8.8,5.5,0.9,8.6,8,8,12,16.6,19.6,23.4,25.4,23.2,16.1,11.1,5.6,269,157,480,222,27,39,5,6,5,94,328,438,0,0,0,0,118,124,180,174,129,0,0,0
2012,DC 12,39.26032,-121.01077,759.56,14.9,14.3,12.9,18.3,24.2,27.5,31.6,34.2,31.8,23.4,16.7,10.3,2.2,1.6,3.1,5.5,9,11.7,15,16.6,14.5,8.8,5.5,0.9,8.6,7.9,8,11.9,16.6,19.6,23.3,25.4,23.1,16.1,11.1,5.6,270,158,482,222,27,39,5,6,5,94,329,440,0,0,0,0,117,123,180,174,129,0,0,0
2012,DC 13,39.25901,-121.00943,762.44,14.9,14.2,12.9,18.3,24.1,27.5,31.6,34.2,31.7,23.4,16.7,10.2,2.2,1.6,3,5.5,9,11.6,15,16.6,14.4,8.8,5.4,0.8,8.5,7.9,8,11.9,16.6,19.5,23.3,25.4,23.1,16.1,11.1,5.5,270,158,483,223,27,40,5,6,5,94,330,441,0,0,0,0,117,123,180,174,129,0,0,0
2012,DC 15,39.201,-121.1772,426.16,15.9,15.9,14.6,19.7,26.1,29.3,33.5,35.5,33,24.6,18.3,11.5,3.4,3.6,5,7.5,11,13.3,16.5,17.9,15.9,10.7,7.2,2.7,9.7,9.8,9.8,13.6,18.5,21.3,25,26.7,24.4,17.7,12.8,7.1,199,111,351,167,18,29,3,3,3,78,249,321,0,0,0,0,135,143,192,183,135,4,0,0
2012,DC 16,39.22895,-121.24228,276.54,15.6,16.2,15,20.2,26.9,30.1,34.4,36,33.4,24.8,18.4,11.4,3.7,4.2,5.7,8.1,11.6,13.8,16.9,18.1,16.2,11.1,7.7,3.3,9.7,10.2,10.3,14.1,19.3,21.9,25.6,27.1,24.8,18,13,7.3,181,102,309,142,15,25,1,2,2,68,217,279,0,0,0,0,142,151,199,186,137,14,0,0
2013,DC 1,39.2957,-120.8865,957.96,10.7,12.7,16.6,19.9,22.4,27.7,32.2,29.7,25.6,21.2,16.8,12.4,-1,-0.4,3.6,5.4,7.9,11.9,15.5,13.3,10.7,5.6,3.8,-0.8,4.8,6.1,10.1,12.7,15.2,19.8,23.9,21.5,18.1,13.4,10.3,5.8,63,65,120,77,44,46,1,3,60,24,43,30,0,0,0,29,91,117,187,155,49,52,1,3
2013,DC 2,39.268166,-121.000817,766.85,12.7,14.6,18.1,21.3,23.7,29,33.5,31.1,27,22.8,18.6,14.5,-0.1,0.6,4.6,6.7,9.2,13.2,17,14.8,12,6.6,4.7,0,6.3,7.6,11.3,14,16.4,21.1,25.3,22.9,19.5,14.7,11.7,7.2,65,67,115,73,38,41,1,3,59,18,43,24,0,0,0,38,103,128,192,160,55,63,4,13
2013,DC 4,39.2603646,-121.0320418,705.94,13.3,15.2,18.6,21.7,24.1,29.4,34,31.5,27.4,23.3,19.2,15.1,0.4,1.2,5.1,7.3,9.8,13.8,17.7,15.4,12.7,7.2,5.3,0.5,6.9,8.2,11.8,14.5,16.9,21.6,25.8,23.5,20,15.3,12.2,7.8,63,63,111,70,35,39,1,2,61,16,43,22,0,0,0,42,107,132,193,162,53,65,5,15
2013,DC 6,39.239,-121.1872,366.76,14.1,16.7,20.2,23.4,26.2,31.3,36,32.9,28.8,24.8,20.6,15.9,1.7,3,6.9,9.3,11.7,15.2,18.9,16.5,14.2,9,6.7,2,7.9,9.8,13.5,16.3,18.9,23.2,27.4,24.7,21.5,16.9,13.7,9,51,48,82,51,23,32,1,2,39,11,38,14,0,4,4,67,128,148,205,170,80,74,13,23
2013,DC 8,39.2302,-121.2442,247.16,13.7,16.7,20.3,23.7,26.9,31.8,36.5,33.1,28.9,24.8,20.5,15.6,1.9,3.4,7.4,9.8,12.1,15.5,19.1,16.6,14.3,9.3,7,2.2,7.8,10,13.9,16.7,19.5,23.7,27.8,24.9,21.6,17.1,13.7,8.9,48,46,74,45,20,27,0,1,31,9,35,13,0,6,12,74,134,156,209,171,88,76,15,25
2013,DC 9,39.2282,-121.2468,237.46,13.7,16.7,20.3,23.8,26.9,31.8,36.5,33.1,28.9,24.8,20.5,15.5,1.9,3.5,7.4,9.8,12.1,15.6,19.1,16.6,14.3,9.3,7,2.2,7.8,10.1,13.9,16.8,19.5,23.7,27.8,24.9,21.6,17.1,13.7,8.9,48,46,73,44,20,27,0,1,30,9,35,13,0,6,12,74,135,156,209,171,88,76,16,24
2013,DC 11,39.2615,-121.0137,754.65,12.9,14.7,18.2,21.4,23.8,29.1,33.6,31.2,27.1,23,18.8,14.7,0.1,0.8,4.7,6.9,9.4,13.4,17.3,15,12.2,6.8,4.9,0.2,6.5,7.8,11.5,14.1,16.6,21.2,25.4,23.1,19.6,14.9,11.8,7.4,65,66,114,72,37,41,1,3,60,17,43,23,0,0,0,39,104,129,191,160,54,64,5,14
2013,DC 12,39.26032,-121.01077,759.56,12.9,14.7,18.1,21.3,23.7,29,33.6,31.1,27,22.9,18.7,14.6,0,0.7,4.7,6.8,9.3,13.4,17.2,15,12.2,6.8,4.9,0.1,6.4,7.7,11.4,14.1,16.5,21.2,25.4,23,19.6,14.9,11.8,7.4,65,66,114,72,37,41,1,3,59,17,43,23,0,0,0,39,104,128,191,160,54,64,5,13
2013,DC 13,39.25901,-121.00943,762.44,12.8,14.6,18.1,21.3,23.7,29,33.5,31.1,27,22.9,18.7,14.6,0,0.7,4.7,6.8,9.3,13.3,17.2,15,12.1,6.8,4.8,0.1,6.4,7.7,11.4,14.1,16.5,21.2,25.3,23,19.6,14.8,11.8,7.4,65,67,114,73,37,41,1,3,59,17,43,23,0,0,0,39,103,128,191,160,54,64,5,13
2013,DC 15,39.201,-121.1772,426.16,14,16.4,19.9,23,25.8,30.8,35.4,32.5,28.4,24.4,20.4,15.8,1.5,2.7,6.6,9,11.4,15,18.7,16.4,13.9,8.8,6.5,1.7,7.7,9.5,13.2,16,18.6,22.9,27,24.4,21.1,16.6,13.4,8.7,55,50,86,55,24,32,1,1,41,10,40,19,0,2,0,61,125,145,201,167,76,73,10,19
2013,DC 16,39.22895,-121.24228,276.54,13.8,16.7,20.3,23.6,26.7,31.6,36.3,33,28.7,24.7,20.5,15.6,1.8,3.3,7.3,9.7,12,15.5,19.1,16.6,14.3,9.2,7,2.1,7.8,10,13.8,16.6,19.4,23.5,27.7,24.8,21.5,17,13.7,8.9,49,47,76,46,21,28,0,1,32,9,36,13,0,5,10,72,133,154,208,170,86,75,15,24
2014,DC 1,39.2957,-120.8865,957.96,16.1,12.3,15.3,19,23.2,28.3,32.5,29.7,28.1,23,15.4,9.7,3.3,2.6,3.8,4.7,8,11.4,16.2,14.5,12.2,8.4,4,2.4,9.7,7.5,9.6,11.9,15.6,19.9,24.3,22.1,20.1,15.7,9.7,6.1,62,415,272,127,39,3,3,15,46,72,193,463,0,0,0,0,102,166,185,139,73,6,0,0
2014,DC 2,39.268166,-121.000817,766.85,18.1,14.1,16.9,20.3,24.5,29.7,33.7,31.2,29.4,24.6,17.1,11.8,4.1,3.6,4.9,6,9.3,12.7,17.7,16,13.5,9.4,4.9,3.4,11.1,8.8,10.9,13.1,16.9,21.2,25.7,23.6,21.5,17,11,7.6,55,397,260,125,35,2,3,14,44,62,192,447,0,0,0,0,111,173,189,146,80,21,0,0
2014,DC 4,39.2603646,-121.0320418,705.94,18.7,14.6,17.4,20.7,24.9,30.2,34.1,31.6,29.8,25.1,17.6,12.4,4.6,4.2,5.5,6.6,9.9,13.3,18.3,16.6,14.2,10,5.5,4,11.6,9.4,11.4,13.6,17.4,21.7,26.2,24.1,22,17.6,11.6,8.2,51,365,250,121,33,2,3,12,45,61,191,432,0,0,0,0,115,176,190,149,79,23,0,0
2014,DC 6,39.239,-121.1872,366.76,19.5,15.9,19,22.3,27.1,32.1,36,33.2,31.2,26.4,18.8,13.2,5.7,5.9,7.4,8.5,11.7,14.8,19.5,17.7,15.6,11.7,6.9,5.8,12.6,10.9,13.2,15.4,19.4,23.5,27.8,25.5,23.4,19.1,12.9,9.5,32,254,186,91,23,1,1,8,28,48,157,343,15,0,0,22,134,187,203,161,101,39,0,0
2014,DC 8,39.2302,-121.2442,247.16,19.1,15.9,19.2,22.6,27.8,32.7,36.4,33.4,31.3,26.4,18.7,12.9,5.8,6.3,8,8.9,12.1,15.1,19.7,17.8,15.7,12,7.2,6.1,12.5,11.1,13.6,15.8,19.9,23.9,28.1,25.6,23.5,19.2,13,9.5,28,235,168,81,20,1,1,6,22,43,141,306,19,0,0,33,141,190,207,164,107,43,0,0
2014,DC 9,39.2282,-121.2468,237.46,19.1,15.9,19.3,22.7,27.8,32.7,36.5,33.4,31.3,26.5,18.7,12.8,5.8,6.4,8.1,9,12.1,15.2,19.7,17.8,15.7,12,7.3,6.1,12.4,11.1,13.7,15.8,20,23.9,28.1,25.6,23.5,19.2,13,9.5,28,234,166,80,20,1,1,6,21,43,140,303,19,0,0,34,141,191,207,164,107,44,0,0
2014,DC 11,39.2615,-121.0137,754.65,18.3,14.2,17,20.4,24.6,29.8,33.7,31.3,29.5,24.7,17.2,12,4.2,3.8,5.1,6.2,9.5,12.9,17.9,16.2,13.7,9.6,5.1,3.6,11.2,9,11,13.3,17,21.4,25.8,23.7,21.6,17.2,11.2,7.8,54,388,257,124,34,2,3,13,44,62,192,443,0,0,0,0,112,174,189,147,79,22,0,0
2014,DC 12,39.26032,-121.01077,759.56,18.2,14.2,16.9,20.3,24.6,29.7,33.7,31.2,29.5,24.7,17.2,11.9,4.2,3.7,5.1,6.1,9.4,12.9,17.9,16.1,13.7,9.6,5.1,3.5,11.2,8.9,11,13.2,17,21.3,25.8,23.7,21.6,17.1,11.1,7.7,54,391,258,125,34,2,3,13,44,62,193,444,0,0,0,0,112,174,189,146,79,21,0,0
2014,DC 13,39.25901,-121.00943,762.44,18.2,14.1,16.9,20.3,24.6,29.7,33.7,31.2,29.4,24.7,17.1,11.9,4.2,3.7,5,6.1,9.4,12.8,17.8,16.1,13.6,9.6,5,3.5,11.2,8.9,11,13.2,17,21.3,25.7,23.6,21.5,17.1,11.1,7.7,54,393,258,125,34,2,3,13,44,62,193,444,0,0,0,0,112,173,189,146,79,21,0,0
2014,DC 15,39.201,-121.1772,426.16,19.4,15.7,18.8,21.9,26.7,31.6,35.4,32.7,30.8,26.1,18.7,13.1,5.4,5.6,7.1,8.2,11.4,14.6,19.3,17.6,15.3,11.5,6.7,5.5,12.4,10.7,13,15.1,19.1,23.1,27.4,25.2,23.1,18.8,12.7,9.3,34,265,193,98,24,1,1,7,30,49,161,349,14,0,0,14,132,184,198,159,96,37,0,0
2014,DC 16,39.22895,-121.24228,276.54,19.2,15.9,19.2,22.5,27.6,32.5,36.3,33.3,31.2,26.3,18.7,12.9,5.7,6.2,7.9,8.9,12,15.1,19.7,17.8,15.7,11.9,7.2,6.1,12.5,11.1,13.5,15.7,19.8,23.8,28,25.6,23.4,19.1,12.9,9.5,28,239,171,83,21,1,1,6,23,44,144,312,18,0,0,30,139,189,205,163,105,42,0,0
2015,DC 1,39.2957,-120.8865,957.96,14.9,16.3,19,18.6,21,29.8,29.8,30.9,28.4,23.8,12.4,7.9,3.3,4.6,5.3,4.3,7.3,13.4,14.7,13.9,12.3,9.5,0.8,-0.5,9.1,10.4,12.1,11.5,14.1,21.6,22.2,22.4,20.4,16.6,6.6,3.7,0,206,24,124,20,20,7,2,11,61,182,342,39,0,60,0,108,155,165,162,109,19,0,0
2015,DC 2,39.268166,-121.000817,766.85,16.6,18,20.5,20,22.2,31.1,31.3,32.2,29.7,25.4,14.2,10,4,5.5,6.3,5.5,8.4,14.7,16.3,15.3,13.6,10.5,1.8,0.4,10.3,11.7,13.4,12.8,15.3,22.9,23.8,23.8,21.7,18,8,5.2,0,193,23,124,14,17,7,2,13,50,185,304,42,0,66,0,119,164,170,167,112,35,0,0
2015,DC 4,39.2603646,-121.0320418,705.94,17.1,18.5,21,20.4,22.6,31.6,31.7,32.6,30.1,26,14.8,10.7,4.5,6,6.8,6.1,9,15.2,16.9,15.9,14.3,11.1,2.4,1,10.8,12.3,13.9,13.3,15.8,23.4,24.3,24.3,22.2,18.6,8.6,5.8,0,176,22,120,12,15,8,2,13,48,185,287,43,0,68,0,122,167,171,169,112,38,0,0
2015,DC 6,39.239,-121.1872,366.76,17.5,19.7,22.6,22.1,24.6,33.4,33.9,34.1,31.4,27.5,16.3,11.6,5.5,7.7,8.6,8,10.6,16.6,18.3,17,15.7,12.8,4,2.7,11.5,13.7,15.6,15,17.6,25,26.1,25.6,23.6,20.1,10.1,7.2,0,122,17,92,6,12,4,2,10,35,158,204,43,0,77,21,137,181,188,177,119,54,0,0
2015,DC 8,39.2302,-121.2442,247.16,17,19.6,22.8,22.4,25.2,34,34.5,34.3,31.4,27.5,16.2,11.3,5.6,8,9.1,8.5,11,16.9,18.6,17,15.8,13.1,4.3,3,11.3,13.8,16,15.4,18.1,25.4,26.5,25.7,23.6,20.3,10.3,7.1,0,113,15,82,5,10,2,1,8,31,143,175,41,0,79,32,141,186,193,178,121,58,0,0
2015,DC 9,39.2282,-121.2468,237.46,17,19.5,22.8,22.5,25.3,34,34.5,34.3,31.4,27.5,16.2,11.3,5.6,8.1,9.1,8.5,11,16.9,18.6,17.1,15.8,13.1,4.4,3,11.3,13.8,16,15.5,18.2,25.5,26.6,25.7,23.6,20.3,10.3,7.1,0,113,15,81,5,9,2,1,8,31,141,173,41,0,79,33,141,187,193,178,121,59,0,0
2015,DC 11,39.2615,-121.0137,754.65,16.8,18.1,20.6,20.1,22.3,31.2,31.4,32.3,29.8,25.6,14.4,10.2,4.2,5.6,6.4,5.7,8.6,14.9,16.5,15.5,13.9,10.7,2,0.6,10.5,11.9,13.5,12.9,15.4,23,23.9,23.9,21.8,18.2,8.2,5.4,0,187,23,123,13,16,7,2,13,49,186,299,42,0,66,0,120,165,170,167,111,36,0,0
2015,DC 12,39.26032,-121.01077,759.56,16.7,18.1,20.6,20,22.2,31.2,31.3,32.3,29.7,25.5,14.3,10.2,4.1,5.6,6.4,5.7,8.5,14.8,16.5,15.5,13.8,10.7,1.9,0.6,10.4,11.8,13.5,12.9,15.4,23,23.9,23.9,21.8,18.1,8.1,5.4,0,189,23,124,13,16,7,2,13,49,186,300,42,0,66,0,119,164,170,167,111,36,0,0
2015,DC 13,39.25901,-121.00943,762.44,16.7,18,20.6,20,22.2,31.1,31.3,32.2,29.7,25.5,14.3,10.1,4.1,5.6,6.4,5.7,8.5,14.8,16.4,15.5,13.8,10.7,1.9,0.6,10.4,11.8,13.5,12.8,15.4,23,23.9,23.8,21.7,18.1,8.1,5.3,0,190,23,124,13,16,7,2,13,49,187,301,42,0,66,0,119,164,170,167,111,36,0,0
2015,DC 15,39.201,-121.1772,426.16,17.4,19.4,22.3,21.7,24.2,32.9,33.3,33.7,30.9,27.1,16.1,11.5,5.2,7.4,8.3,7.8,10.4,16.4,18.1,16.8,15.5,12.6,3.8,2.4,11.3,13.4,15.3,14.7,17.3,24.7,25.7,25.2,23.2,19.9,9.9,7,0,128,18,98,8,12,4,1,10,38,161,209,42,0,75,14,133,178,183,174,117,51,0,0
2015,DC 16,39.22895,-121.24228,276.54,17.1,19.6,22.8,22.3,25.1,33.8,34.3,34.2,31.3,27.4,16.2,11.3,5.5,7.9,9,8.4,10.9,16.9,18.6,17,15.8,13,4.3,2.9,11.3,13.7,15.9,15.3,18,25.3,26.4,25.6,23.6,20.2,10.2,7.1,0,115,16,84,5,10,2,1,8,32,145,179,41,0,78,29,140,185,191,177,120,57,0,0
2016,DC 1,39.2957,-120.8865,957.96,9.2,15.8,13.9,19,21.4,28.5,31.1,31.6,27.8,18.5,14.9,9.8,1.3,3.2,3.4,5.6,7.9,12,14,13.9,11,7.1,3.9,0.2,5.2,9.5,8.7,12.3,14.6,20.3,22.5,22.8,19.4,12.8,9.4,5,418,113,478,120,57,4,1,1,1,354,186,360,0,0,0,0,71,166,183,168,119,0,0,0
2016,DC 2,39.268166,-121.000817,766.85,11.1,17.5,15.4,20.3,22.7,29.9,32.5,32.9,29.2,20,16.6,11.8,2.2,4.2,4.5,6.7,9.1,13.2,15.5,15.3,12.3,8.1,4.9,0.9,6.7,10.8,10,13.5,15.9,21.5,24,24.1,20.8,14.1,10.7,6.3,406,108,461,111,55,3,1,1,1,293,180,329,0,0,0,0,79,172,189,173,124,0,0,0
2016,DC 4,39.2603646,-121.0320418,705.94,11.7,18.1,15.9,20.7,23.1,30.3,33,33.3,29.7,20.5,17.2,12.3,2.8,4.7,5.1,7.3,9.7,13.8,16.2,15.9,13.1,8.7,5.5,1.5,7.2,11.4,10.5,14,16.4,22.1,24.6,24.6,21.4,14.6,11.3,6.9,382,100,445,106,52,3,1,1,1,285,177,314,0,0,0,1,83,174,191,175,125,0,0,0
2016,DC 6,39.239,-121.1872,366.76,12.6,19.3,17.5,22.4,25.2,32.3,35.1,34.8,31.1,21.8,18.4,13,4.2,6.5,6.9,9,11.6,15.1,17.5,16.9,14.6,10.4,7,2.9,8.4,12.9,12.2,15.7,18.4,23.7,26.3,25.8,22.8,16.1,12.7,7.9,282,71,336,76,40,3,1,1,1,212,142,233,0,0,0,37,104,185,204,182,130,0,0,0
2016,DC 8,39.2302,-121.2442,247.16,12.2,19.3,17.7,22.7,25.9,32.8,35.7,34.9,31.2,21.9,18.3,12.6,4.4,6.8,7.5,9.5,12,15.4,17.7,16.9,14.7,10.7,7.3,3.1,8.3,13.1,12.6,16.1,18.9,24.1,26.7,25.9,23,16.3,12.8,7.8,257,66,303,66,36,3,0,1,0,188,127,203,0,0,0,48,111,189,208,183,130,0,0,0
2016,DC 9,39.2282,-121.2468,237.46,12.1,19.3,17.8,22.8,25.9,32.8,35.7,34.9,31.2,21.9,18.3,12.5,4.4,6.9,7.5,9.5,12,15.5,17.7,16.9,14.7,10.7,7.3,3.1,8.3,13.1,12.7,16.1,19,24.2,26.7,25.9,23,16.3,12.8,7.8,255,66,300,65,36,3,0,1,0,187,125,201,0,0,0,49,112,189,208,183,130,0,0,0
2016,DC 11,39.2615,-121.0137,754.65,11.3,17.7,15.5,20.4,22.8,30,32.6,33,29.3,20.2,16.8,11.9,2.4,4.3,4.7,6.9,9.3,13.4,15.8,15.5,12.6,8.3,5.1,1.1,6.9,11,10.1,13.6,16,21.7,24.2,24.2,20.9,14.2,10.9,6.5,397,106,457,110,54,3,1,1,1,290,180,324,0,0,0,0,80,173,189,173,124,0,0,0
2016,DC 12,39.26032,-121.01077,759.56,11.3,17.6,15.5,20.4,22.7,29.9,32.5,33,29.3,20.1,16.7,11.9,2.4,4.3,4.7,6.8,9.3,13.4,15.7,15.4,12.5,8.2,5,1.1,6.8,10.9,10.1,13.6,16,21.6,24.1,24.2,20.9,14.2,10.9,6.5,399,106,458,110,54,3,1,1,1,291,180,325,0,0,0,0,80,173,189,173,124,0,0,0
2016,DC 13,39.25901,-121.00943,762.44,11.2,17.6,15.5,20.3,22.7,29.9,32.5,32.9,29.2,20.1,16.7,11.9,2.3,4.3,4.6,6.8,9.3,13.3,15.7,15.4,12.5,8.2,5,1,6.8,10.9,10,13.6,16,21.6,24.1,24.2,20.9,14.2,10.8,6.5,400,107,459,111,54,3,1,1,1,291,180,326,0,0,0,0,80,173,189,173,124,0,0,0
2016,DC 15,39.201,-121.1772,426.16,12.5,19.1,17.3,21.9,24.8,31.8,34.5,34.3,30.7,21.5,18.3,12.9,3.9,6.2,6.7,8.8,11.3,15,17.3,16.7,14.3,10.2,6.8,2.6,8.2,12.6,12,15.4,18.1,23.4,25.9,25.5,22.5,15.9,12.5,7.7,287,73,347,81,41,3,1,1,1,220,146,238,0,0,0,29,101,182,200,179,128,0,0,0
2016,DC 16,39.22895,-121.24228,276.54,12.2,19.3,17.7,22.6,25.7,32.6,35.5,34.8,31.1,21.8,18.3,12.6,4.3,6.8,7.4,9.4,11.9,15.4,17.7,16.9,14.7,10.6,7.3,3.1,8.3,13,12.5,16,18.8,24,26.6,25.9,22.9,16.2,12.8,7.8,261,67,309,67,37,3,0,1,0,192,129,207,0,0,0,45,109,187,206,182,129,0,0,0
2021,DC 1,39.2957,-120.8865,957.96,11,12,13.4,20.2,24.1,30.2,33.4,31.9,29.6,18.5,16.6,8.8,1.1,0.4,0.6,4.7,8,13.1,16.6,14.9,12.5,5.9,4.9,0.4,6,6.2,7,12.5,16,21.6,25,23.4,21,12.2,10.8,4.6,221,139,164,36,5,3,1,1,22,362,90,518,0,0,0,73,142,175,193,167,105,0,0,0
2021,DC 2,39.268166,-121.000817,766.85,13,14,15,21.5,25.4,31.4,34.7,33.3,31,20.1,18.2,10.8,2,1.5,1.7,5.8,9.2,14.2,18.1,16.4,13.7,7,5.7,1.3,7.5,7.7,8.3,13.7,17.3,22.8,26.4,24.9,22.4,13.6,12,6,215,137,165,34,4,3,1,1,21,310,90,479,0,0,0,80,149,182,198,173,110,0,0,0
2021,DC 4,39.2603646,-121.0320418,705.94,13.5,14.6,15.5,21.9,25.8,31.9,35.1,33.7,31.4,20.6,18.8,11.4,2.5,2.1,2.2,6.4,9.8,14.8,18.6,17,14.4,7.6,6.3,1.9,8,8.3,8.9,14.2,17.8,23.3,26.9,25.4,22.9,14.1,12.5,6.6,202,127,160,33,3,3,1,1,22,304,90,457,0,0,0,83,150,183,199,174,110,0,0,0
2021,DC 6,39.239,-121.1872,366.76,14.4,16.1,17.1,23.6,27.9,33.7,37.1,35.2,32.8,22,19.9,12,3.8,4.1,4.1,8.1,11.7,16,19.7,18.1,15.8,9.4,7.7,3.4,9.1,10.1,10.6,15.8,19.8,24.9,28.4,26.7,24.3,15.7,13.8,7.7,150,93,126,24,2,3,1,1,14,237,76,345,0,0,0,97,162,194,212,182,122,0,0,0
2021,DC 8,39.2302,-121.2442,247.16,14,16.1,17.3,23.9,28.6,34.2,37.6,35.4,32.8,22.1,19.7,11.6,4,4.5,4.6,8.4,12.1,16.3,19.9,18.2,15.9,9.7,7.9,3.6,9,10.3,11,16.2,20.3,25.2,28.7,26.8,24.4,15.9,13.8,7.6,137,88,115,21,1,2,0,1,12,214,68,302,0,0,0,102,166,197,215,183,125,0,0,0
2021,DC 9,39.2282,-121.2468,237.46,13.9,16.1,17.3,23.9,28.6,34.2,37.6,35.4,32.8,22.1,19.7,11.6,4,4.6,4.6,8.5,12.1,16.4,19.9,18.2,15.9,9.7,7.9,3.6,9,10.3,11,16.2,20.4,25.3,28.8,26.8,24.4,15.9,13.8,7.6,136,87,114,21,1,2,0,1,11,212,67,299,0,0,0,102,166,197,215,183,125,0,0,0
2021,DC 11,39.2615,-121.0137,754.65,13.2,14.1,15.1,21.6,25.5,31.5,34.8,33.4,31.1,20.3,18.4,11,2.1,1.7,1.9,6,9.4,14.4,18.2,16.6,14,7.2,5.9,1.5,7.7,7.9,8.5,13.8,17.4,23,26.5,25,22.5,13.7,12.1,6.2,210,134,164,34,3,3,1,1,22,307,90,472,0,0,0,81,149,182,198,173,110,0,0,0
2021,DC 12,39.26032,-121.01077,759.56,13.1,14.1,15,21.6,25.4,31.5,34.7,33.3,31,20.2,18.3,10.9,2.1,1.7,1.8,5.9,9.4,14.4,18.2,16.6,13.9,7.2,5.9,1.4,7.6,7.9,8.4,13.8,17.4,22.9,26.5,24.9,22.5,13.7,12.1,6.2,211,135,164,34,3,3,1,1,22,307,90,474,0,0,0,80,149,182,197,172,109,0,0,0
2021,DC 13,39.25901,-121.00943,762.44,13.1,14,15,21.5,25.4,31.5,34.7,33.3,31,20.2,18.3,10.9,2.1,1.6,1.8,5.9,9.4,14.3,18.2,16.6,13.9,7.1,5.8,1.4,7.6,7.8,8.4,13.7,17.4,22.9,26.4,24.9,22.4,13.7,12.1,6.1,212,136,164,34,3,3,1,1,21,307,90,475,0,0,0,80,149,182,197,172,109,0,0,0
2021,DC 15,39.201,-121.1772,426.16,14.3,15.8,16.8,23.1,27.5,33.2,36.5,34.7,32.3,21.7,19.7,11.9,3.6,3.8,3.8,7.8,11.4,15.8,19.5,18,15.6,9.2,7.4,3.1,8.9,9.8,10.3,15.5,19.5,24.5,28,26.4,23.9,15.4,13.6,7.5,156,97,129,24,2,2,1,1,15,245,77,353,0,0,0,96,159,191,207,179,120,0,0,0
2021,DC 16,39.22895,-121.24228,276.54,14,16.1,17.3,23.8,28.4,34,37.4,35.3,32.7,22,19.7,11.7,4,4.5,4.5,8.4,12,16.3,19.9,18.2,15.9,9.6,7.9,3.5,9,10.3,10.9,16.1,20.2,25.1,28.6,26.7,24.3,15.8,13.8,7.6,140,89,117,22,1,2,0,1,12,218,70,308,0,0,0,100,165,196,214,182,124,0,0,0
2022,DC 1,39.2957,-120.8865,957.96,13.4,14.7,16.7,16.9,21.7,27.2,31.6,32.7,29.2,24.9,12.2,8.5,1.4,0.9,3.2,3.5,6.4,11.7,15,15.7,13.7,9.2,0.3,-0.2,7.4,7.8,9.9,10.2,14,19.5,23.3,24.2,21.5,17,6.3,4.2,20,12,77,220,30,40,1,5,56,1,192,573,17,37,0,0,104,120,184,167,65,84,0,0
2022,DC 2,39.268166,-121.000817,766.85,15.3,16.7,18.3,18.3,23.1,28.6,33,34.1,30.6,26.5,14,10.5,2.2,1.9,4.2,4.7,7.6,13.1,16.5,17.1,15,10.2,1.3,0.6,8.7,9.3,11.2,11.5,15.3,20.8,24.7,25.6,22.8,18.3,7.7,5.6,22,10,83,203,29,37,1,5,57,1,190,522,18,43,0,0,111,130,190,173,69,89,0,0
2022,DC 4,39.2603646,-121.0320418,705.94,15.8,17.3,18.8,18.7,23.5,29.1,33.4,34.6,31,26.9,14.7,11.1,2.7,2.5,4.8,5.3,8.2,13.7,17.1,17.7,15.7,10.8,1.9,1.2,9.3,9.9,11.8,12,15.9,21.4,25.3,26.1,23.3,18.9,8.3,6.2,22,9,83,193,28,35,1,4,60,1,188,497,20,45,1,0,114,134,191,175,67,90,0,0
2022,DC 6,39.239,-121.1872,366.76,16.6,18.9,20.5,20.4,25.7,31.1,35.4,36.1,32.4,28.3,16.1,11.8,3.8,4.2,6.6,7,10.1,15.2,18.3,18.7,17,12.5,3.4,2.8,10.2,11.6,13.6,13.7,17.9,23.1,26.9,27.4,24.7,20.4,9.8,7.3,19,6,70,136,21,30,0,3,40,1,156,366,23,52,18,0,131,149,204,185,92,93,0,0
2022,DC 8,39.2302,-121.2442,247.16,16.1,19,20.7,20.7,26.4,31.7,35.9,36.3,32.5,28.3,16.1,11.5,4,4.6,7.2,7.5,10.5,15.5,18.5,18.7,17.1,12.7,3.7,3,10.1,11.8,14,14.1,18.4,23.6,27.2,27.5,24.8,20.5,9.9,7.2,18,5,66,117,19,26,0,2,32,1,139,318,23,52,22,0,137,157,207,186,99,93,0,0
2022,DC 9,39.2282,-121.2468,237.46,16.1,18.9,20.7,20.8,26.4,31.7,36,36.3,32.5,28.3,16.1,11.4,4,4.6,7.2,7.5,10.6,15.6,18.5,18.7,17.1,12.8,3.7,3,10,11.8,14,14.1,18.5,23.6,27.3,27.5,24.8,20.5,9.9,7.2,18,5,65,115,19,25,0,2,32,1,138,314,23,52,23,0,137,157,207,186,100,92,0,0
2022,DC 11,39.2615,-121.0137,754.65,15.5,16.9,18.4,18.3,23.2,28.7,33,34.2,30.7,26.6,14.2,10.7,2.3,2.1,4.4,4.9,7.8,13.3,16.7,17.3,15.2,10.4,1.5,0.8,8.9,9.5,11.4,11.6,15.5,21,24.9,25.7,22.9,18.5,7.8,5.8,22,10,84,200,29,36,1,4,58,1,190,514,19,44,0,0,112,131,190,173,68,89,0,0
2022,DC 12,39.26032,-121.01077,759.56,15.4,16.8,18.3,18.3,23.1,28.7,33,34.2,30.6,26.5,14.2,10.7,2.3,2,4.4,4.8,7.8,13.2,16.7,17.2,15.2,10.4,1.4,0.8,8.9,9.4,11.4,11.6,15.5,21,24.8,25.7,22.9,18.4,7.8,5.7,22,10,84,201,29,36,1,5,58,1,190,517,18,44,0,0,112,131,189,173,68,89,0,0
2022,DC 13,39.25901,-121.00943,762.44,15.4,16.8,18.3,18.3,23.1,28.7,33,34.1,30.6,26.5,14.1,10.6,2.3,2,4.3,4.8,7.8,13.2,16.6,17.2,15.1,10.3,1.4,0.7,8.8,9.4,11.3,11.5,15.4,20.9,24.8,25.7,22.9,18.4,7.8,5.7,22,10,84,201,29,36,1,5,58,1,190,518,18,43,0,0,112,130,189,173,68,89,0,0
2022,DC 15,39.201,-121.1772,426.16,16.5,18.7,20.2,20,25.3,30.6,34.8,35.6,32,27.9,16,11.7,3.6,3.9,6.3,6.8,9.8,15,18.1,18.5,16.8,12.2,3.2,2.5,10,11.3,13.3,13.4,17.6,22.8,26.5,27.1,24.4,20.1,9.6,7.1,19,6,74,141,21,29,1,3,43,1,158,377,23,51,14,0,129,147,199,182,87,91,0,0
2022,DC 16,39.22895,-121.24228,276.54,16.2,18.9,20.7,20.6,26.2,31.5,35.8,36.2,32.4,28.2,16.1,11.5,3.9,4.5,7.1,7.4,10.4,15.5,18.5,18.7,17.1,12.7,3.7,2.9,10.1,11.7,13.9,14,18.3,23.5,27.1,27.4,24.8,20.5,9.9,7.2,18,5,67,120,20,26,0,2,34,1,142,325,23,52,21,0,135,155,206,185,98,92,0,0